Name,Team,W,L,SV,HLD,ERA,GS,G,IP,H,ER,HR,SO,BB,WHIP,K/9,BB/9,FIP,WAR,ADP,playerid
Andrew Miller,Indians,6,2,11,16,2.04,0,65,65,43,15,6,103,16,0.92,14.22,2.28,2.08,2.6,120,6785
Kenley Jansen,Dodgers,3,2,34,7,2.38,0,65,65,44,17,6,96,15,0.91,13.24,2.08,2.22,2.6,54.4,3096
Dellin Betances,Yankees,5,2,1,16,2.4,0,65,65,42,17,5,103,25,1.04,14.24,3.49,2.29,2.4,201.3,6216
Clayton Kershaw,Dodgers,16,7,0,0,2.33,31,31,208,162,54,17,254,34,0.94,10.95,1.47,2.34,7.4,4.9,2036
Aroldis Chapman,Yankees,4,2,35,4,2.34,0,65,65,41,17,6,105,26,1.04,14.58,3.63,2.43,2.3,53.7,10233
Edwin Diaz,Mariners,4,3,34,5,2.76,0,65,65,50,20,6,89,18,1.05,12.39,2.5,2.65,1.9,91.2,14710
Zach Britton,Orioles,3,2,35,3,2.38,0,65,65,53,17,4,74,20,1.11,10.27,2.72,2.71,2,64.2,3240
Noah Syndergaard,Mets,14,9,0,0,3.01,32,32,195,164,65,18,230,47,1.09,10.64,2.18,2.78,5.6,19,11762
Wade Davis,Cubs,5,2,30,9,2.48,0,65,65,47,18,6,85,22,1.07,11.73,3.11,2.81,1.8,92.8,7441
Ken Giles,Astros,4,3,31,5,3.03,0,65,65,51,22,6,87,23,1.14,12.07,3.21,2.88,1.7,110,12910
Seung Hwan Oh,Cardinals,4,2,32,6,2.92,0,65,65,54,21,6,77,17,1.08,10.64,2.3,2.89,1.7,80.1,18719
Brett Cecil,Cardinals,4,3,1,14,3,0,55,55,46,18,5,66,18,1.15,10.8,2.92,2.9,1,646.5,2660
Carter Capps,Padres,2,1,6,7,2.82,0,45,45,34,14,4,62,17,1.13,12.43,3.45,2.92,0.6,325.6,12803
Mark Melancon,Giants,3,2,35,5,2.63,0,65,65,57,19,5,63,14,1.1,8.67,2,2.92,1.3,82.9,4264
Stephen Strasburg,Nationals,13,8,0,0,3.2,29,29,174,150,62,19,205,44,1.11,10.58,2.25,3.01,4.4,57.4,10131
Max Scherzer,Nationals,15,8,0,0,3.08,31,31,206,168,71,23,247,52,1.07,10.81,2.25,3.01,5.7,13.6,3137
Grant Dayton,Dodgers,4,2,2,18,2.92,0,65,65,51,21,7,84,19,1.08,11.66,2.7,3.02,1.5,465.8,11203
Kyle Barraclough,Marlins,4,3,4,17,3.07,0,65,65,46,22,4,89,39,1.3,12.3,5.34,3.07,1.2,311.5,13713
Shawn Kelley,Nationals,4,3,30,8,3.2,0,65,65,53,23,7,80,20,1.12,11.14,2.75,3.09,1.5,244.3,7773
Craig Kimbrel,Red Sox,4,2,34,5,3.01,0,65,65,48,22,6,91,29,1.18,12.63,3.97,3.09,1.4,83.9,6655
Sean Doolittle,Athletics,4,3,10,12,3.27,0,65,65,53,24,8,81,15,1.06,11.2,2.14,3.11,1.5,400.3,1581
Koji Uehara,Cubs,4,3,1,18,3.07,0,55,55,43,19,6,66,14,1.04,10.75,2.34,3.13,1,609.6,9227
Liam Hendriks,Athletics,2,2,0,8,3.42,0,40,40,37,15,4,41,9,1.15,9.22,1.96,3.13,0.4,734,3548
Chase Johnson,Giants,0,0,0,0,0,0,0,0,0,0,0,0,0,0,0,0,3.15,0,999,sa549740
Felix Jorge,Twins,0,0,0,0,0,0,0,0,0,0,0,0,0,0,0,0,3.15,0,999,sa597424
Trevor May,Twins,0,0,0,0,0,0,0,0,0,0,0,0,0,0,0,0,3.15,0,611.3,6398
Chris Sale,Red Sox,16,9,0,0,3.13,32,32,220,194,76,23,239,46,1.09,9.78,1.87,3.16,5.5,20.9,10603
Madison Bumgarner,Giants,16,10,0,0,3,34,34,224,193,75,23,237,50,1.09,9.53,2.02,3.16,5.1,15.4,5524
Kelvin Herrera,Royals,4,3,34,3,3,0,65,65,56,22,6,71,19,1.15,9.87,2.67,3.17,1.3,121,6033
Hunter Strickland,Giants,4,3,2,19,3.05,0,65,65,56,22,6,68,18,1.14,9.42,2.49,3.18,1,393,7836
James Hoyt,Astros,2,1,0,3,3.19,0,30,30,24,11,3,38,11,1.18,11.46,3.3,3.18,0.2,904.7,14605
Hector Rondon,Cubs,5,2,8,14,3.07,0,65,65,56,22,6,69,17,1.11,9.57,2.31,3.19,1.3,359.8,2391
Will Smith,Giants,3,3,1,16,3.15,0,55,55,44,19,5,68,22,1.21,11.13,3.58,3.19,0.7,755.7,8048
Cody Allen,Indians,4,3,19,9,3.1,0,65,65,51,22,7,85,25,1.17,11.75,3.42,3.19,1.3,125.6,12183
Josh Fields,Dodgers,2,1,0,6,3.45,0,35,35,29,13,3,41,12,1.18,10.53,3.04,3.2,0.1,999,5070
Jeurys Familia,Mets,3,2,26,10,3.07,0,65,65,56,22,5,69,24,1.23,9.57,3.35,3.21,1.2,129.4,5114
Pedro Strop,Cubs,3,2,0,12,2.95,0,45,45,35,15,4,54,17,1.16,10.78,3.49,3.21,0.4,594,4070
Corey Kluber,Indians,16,9,0,0,3.26,32,32,216,191,78,23,231,52,1.13,9.65,2.18,3.21,5.2,25.6,2429
Carlos Carrasco,Indians,14,9,0,0,3.33,31,31,188,170,70,20,200,46,1.15,9.55,2.18,3.23,4.4,58.6,6632
Addison Reed,Mets,3,3,11,12,3.36,0,65,65,57,24,7,71,18,1.15,9.79,2.44,3.25,1.1,262.5,10586
Felipe Rivero,Pirates,4,3,2,17,3.28,0,65,65,56,24,5,70,24,1.24,9.73,3.37,3.26,1,582.3,12076
Josh Smoker,Mets,2,2,0,9,3.37,0,40,40,33,15,4,50,15,1.2,11.22,3.34,3.32,0.3,954.2,10285
Alex Colome,Rays,4,3,33,4,3.13,0,65,65,56,23,7,72,19,1.15,9.92,2.6,3.32,1.1,122,6661
Cam Bedrosian,Angels,3,2,28,6,3.21,0,65,65,53,23,6,78,28,1.24,10.81,3.82,3.33,1,235.6,13360
Roberto Osuna,Blue Jays,4,2,34,2,3.13,0,65,65,54,23,8,75,17,1.09,10.33,2.3,3.34,1.5,95.6,13764
Chris Archer,Rays,14,10,0,0,3.4,32,32,199,173,75,21,219,65,1.19,9.9,2.93,3.34,4.2,54,6345
Brad Hand,Padres,3,3,3,15,3.32,0,65,65,55,24,6,74,25,1.23,10.22,3.4,3.35,1.1,511.7,9111
David Robertson,White Sox,4,3,31,4,3.46,0,65,65,54,25,7,82,25,1.21,11.32,3.5,3.35,1.4,146.3,8241
Jacob deGrom,Mets,11,9,0,0,3.44,29,29,182,167,69,19,179,46,1.17,8.89,2.29,3.36,3.9,66.4,10954
Nate Jones,White Sox,4,3,4,13,3.16,0,65,65,54,23,8,75,18,1.12,10.45,2.56,3.36,1.3,275.1,4696
Johnny Cueto,Giants,14,10,0,0,3.15,32,32,218,200,76,19,192,51,1.15,7.92,2.11,3.36,4.3,41.6,6893
Jake Arrieta,Cubs,14,9,0,0,3.2,31,31,194,163,69,17,192,62,1.16,8.91,2.86,3.38,4.1,30,4153
Jon Lester,Cubs,15,9,0,0,3.25,32,32,209,184,76,22,208,53,1.13,8.96,2.28,3.38,4.5,36.7,4930
Tony Zych,Mariners,1,1,0,1,3.31,0,25,25,22,9,3,28,8,1.2,10.2,2.91,3.39,0.1,789.7,12876
Trevor Rosenthal,Cardinals,3,3,2,16,3.26,0,55,55,46,20,5,67,27,1.33,11.04,4.46,3.39,0.7,439.8,10745
Carson Smith,Red Sox,2,1,0,8,3.32,0,40,40,36,15,3,43,14,1.26,9.62,3.26,3.39,0.3,867.2,13172
Junichi Tazawa,Marlins,3,3,1,13,3.47,0,55,55,49,21,6,55,15,1.17,8.99,2.47,3.4,0.6,954.2,4079
Greg Holland,Rockies,4,2,21,8,3.56,0,65,65,55,26,6,78,31,1.32,10.78,4.25,3.4,1.4,297,7196
Keone Kela,Rangers,4,3,0,10,3.39,0,45,45,38,17,5,55,18,1.23,10.91,3.53,3.41,0.4,703.4,14696
David Price,Red Sox,12,7,0,0,3.5,26,26,171,164,67,20,170,36,1.16,8.9,1.88,3.41,3.8,92.3,3184
Yu Darvish,Rangers,14,9,0,0,3.54,32,32,193,171,76,22,225,64,1.22,10.49,2.98,3.42,4.4,37.3,13074
Gerrit Cole,Pirates,13,10,0,0,3.57,31,31,185,180,73,17,170,49,1.24,8.26,2.38,3.42,3.7,110,13125
Michael Pineda,Yankees,10,8,0,0,3.73,26,26,148,141,62,18,155,33,1.17,9.42,2.03,3.43,3.3,213.2,5372
Lance McCullers,Astros,11,8,0,0,3.41,28,28,159,138,60,15,186,68,1.3,10.53,3.86,3.44,3.3,161.1,14120
Raisel Iglesias,Reds,4,3,16,14,3.23,0,65,65,56,23,7,72,20,1.17,10.03,2.8,3.45,1.2,181.3,17130
Matt Bush,Rangers,5,3,4,14,3.48,0,65,65,58,25,7,68,20,1.21,9.46,2.76,3.46,1.2,999,1246
Mychal Givens,Orioles,4,2,1,15,3.33,0,55,55,45,20,6,67,23,1.23,10.88,3.72,3.46,0.8,544,10430
Derek Law,Giants,3,3,2,19,3.41,0,55,55,50,21,5,53,18,1.25,8.67,3,3.47,0.5,579.5,13133
Rich Hill,Dodgers,11,7,0,0,3.21,24,24,140,116,50,14,156,51,1.19,10.01,3.27,3.48,2.8,127.5,4806
Steven Matz,Mets,10,9,0,0,3.5,28,28,161,149,63,17,162,46,1.21,9.03,2.59,3.48,3.2,167.5,13361
Chaz Roe,Braves,2,1,0,3,3.57,0,30,30,26,12,3,33,12,1.29,9.89,3.69,3.48,0.1,999,9866
Jerry Blevins,Mets,2,2,0,12,3.65,0,45,45,39,18,5,50,17,1.24,9.97,3.34,3.49,0.3,947.1,7841
Pedro Baez,Dodgers,3,2,1,18,3.44,0,55,55,47,21,7,60,16,1.15,9.79,2.65,3.49,0.7,533.2,5420
Adam Liberatore,Dodgers,1,1,0,1,3.44,0,20,20,17,8,2,22,7,1.21,9.81,3.2,3.49,0.1,999,10637
Aaron Barrett,,4,3,0,0,3.58,0,65,65,58,26,6,69,23,1.25,9.56,3.22,3.5,0.2,999,11243
Justin Grimm,Cubs,2,2,0,9,3.43,0,40,40,33,15,4,46,17,1.25,10.46,3.77,3.51,0.3,993.1,11720
Will Harris,Astros,3,2,1,17,3.37,0,55,55,49,21,6,57,17,1.21,9.4,2.86,3.51,0.6,422.8,3192
Aaron Nola,Phillies,10,9,0,0,3.64,28,28,162,158,66,17,148,39,1.21,8.21,2.15,3.51,3.3,195.7,16149
Joe Kelly,Red Sox,3,2,2,15,3.5,0,55,55,50,21,5,58,20,1.29,9.56,3.34,3.51,0.7,615.9,9761
Luke Gregerson,Astros,5,3,7,14,3.46,0,65,65,58,25,7,67,18,1.17,9.22,2.51,3.51,0.9,459.1,4090
Miguel Socolovich,Cardinals,2,2,0,6,3.51,0,35,35,31,14,3,35,12,1.25,8.92,3.19,3.51,0.1,999,6697
Blake Treinen,Nationals,4,2,4,16,3.39,0,65,65,60,25,5,63,27,1.33,8.73,3.7,3.51,0.8,433.1,12572
Steven Okert,Giants,2,1,0,4,3.34,0,30,30,27,11,3,32,11,1.26,9.49,3.32,3.52,0.1,999,13580
Boone Logan,Indians,4,3,2,12,3.52,0,55,55,46,21,6,67,23,1.26,10.96,3.71,3.52,0.5,906.4,5525
Chris Hatcher,Dodgers,3,2,0,10,3.49,0,40,40,35,16,4,43,13,1.2,9.65,2.89,3.53,0.3,999,3299
Jim Johnson,Braves,4,4,15,10,3.71,0,65,65,63,27,6,61,21,1.3,8.4,2.94,3.54,0.7,237.8,3656
Robbie Ray,Diamondbacks,11,9,0,0,3.64,29,29,164,148,66,18,192,64,1.29,10.55,3.49,3.54,3.3,202.1,11486
Daniel Winkler,Braves,1,1,0,1,3.49,0,15,15,13,6,2,16,5,1.24,9.62,3.13,3.54,0,999,12237
Brad Brach,Orioles,4,3,1,12,3.37,0,55,55,46,21,6,63,22,1.23,10.38,3.54,3.55,0.6,379.9,6627
Evan Scribner,Mariners,3,2,1,13,3.41,0,55,55,50,21,8,60,12,1.11,9.79,1.91,3.55,0.5,928.6,7525
Danny Barnes,Blue Jays,2,2,0,8,3.63,0,40,40,36,16,5,44,11,1.18,9.84,2.44,3.55,0.4,999,11388
Jameson Taillon,Pirates,10,9,0,0,3.64,29,29,174,176,70,18,146,37,1.23,7.56,1.93,3.55,3.1,151.9,11674
A.J. Ramos,Marlins,3,3,32,6,3.33,0,65,65,53,24,5,73,33,1.31,10.08,4.52,3.55,0.9,140.1,8350
Xavier Cedeno,Rays,4,3,2,15,3.4,0,55,55,49,21,6,57,18,1.22,9.29,3,3.56,0.5,852.7,36
Cory Mazzoni,Padres,0,1,0,1,4.27,0,10,10,9,5,1,11,4,1.32,9.63,3.43,3.56,0,999,12537
Tony Watson,Pirates,4,3,31,8,3.35,0,65,65,60,24,6,59,18,1.2,8.19,2.52,3.57,0.8,143.8,3132
Dallas Keuchel,Astros,15,11,0,0,3.6,32,32,213,205,85,21,183,57,1.23,7.75,2.39,3.57,4.2,145.1,9434
Carl Edwards Jr.,Cubs,3,2,0,15,3.4,0,55,55,41,21,5,71,31,1.3,11.69,5,3.57,0.5,414.9,13607
Juan Nicasio,Pirates,3,3,1,17,3.71,0,55,55,51,23,6,58,20,1.29,9.44,3.28,3.57,0.5,534.5,7731
Kyle Hendricks,Cubs,12,8,0,0,3.4,29,29,172,158,65,18,151,42,1.16,7.89,2.17,3.57,3.3,69.8,12049
Sammy Solis,Nationals,4,2,1,15,3.35,0,55,55,49,21,5,59,22,1.28,9.59,3.54,3.58,0.5,914.6,11457
Corey Knebel,Brewers,3,3,4,14,3.61,0,65,65,55,26,7,79,27,1.27,10.97,3.79,3.58,1.1,388.7,15010
Carlos Martinez,Cardinals,14,11,0,0,3.46,32,32,201,186,77,18,191,70,1.28,8.56,3.14,3.59,3.5,63.9,11682
Ian Krol,Braves,2,2,1,13,3.57,0,55,55,50,22,6,60,21,1.3,9.77,3.43,3.6,0.4,909.1,10066
Joe Blanton,Nationals,4,3,2,17,3.51,0,55,55,50,21,6,56,16,1.2,9.11,2.58,3.6,0.5,658.5,4849
Julio Urias,Dodgers,6,5,0,0,3.49,18,18,102,92,40,11,104,35,1.24,9.12,3.06,3.61,1.9,157.7,14765
David Phelps,Marlins,3,3,1,11,3.37,3,48,64,56,24,6,60,22,1.24,8.52,3.16,3.61,0.5,345.1,6316
Danny Salazar,Indians,12,9,0,0,3.58,29,29,170,150,68,20,190,60,1.23,10.06,3.15,3.61,3.4,122.8,5867
Steve Cishek,Mariners,3,2,0,8,3.56,0,40,40,36,16,4,43,14,1.25,9.67,3.25,3.61,0.3,545.9,6483
Jeff Samardzija,Giants,12,10,0,0,3.64,31,31,196,189,79,20,167,48,1.21,7.69,2.19,3.61,3.1,203.4,3254
Sergio Romo,Dodgers,3,2,1,15,3.48,0,55,55,49,21,8,58,13,1.13,9.5,2.07,3.61,0.5,614.1,9817
Cory Gearrin,Giants,2,2,0,10,3.51,0,40,40,37,16,4,39,14,1.26,8.7,3.11,3.62,0.1,999,7947
Arodys Vizcaino,Braves,3,3,22,9,3.58,0,65,65,57,26,6,75,31,1.34,10.35,4.24,3.62,0.6,334.9,5498
Daniel Coulombe,Athletics,1,1,0,3,3.7,0,30,30,27,12,3,31,13,1.35,9.43,4.02,3.62,0.1,999,13293
Francelis Montas,Athletics,1,1,0,1,3.57,0,25,25,22,10,2,28,10,1.29,9.96,3.77,3.62,0.1,596,14309
Koda Glover,Nationals,2,1,0,6,3.65,0,35,35,32,14,4,36,11,1.22,9.35,2.75,3.63,0.1,477.9,17695
Kenta Maeda,Dodgers,11,9,0,0,3.57,26,26,154,142,61,18,146,39,1.18,8.53,2.31,3.64,2.8,108.8,18498
Marcus Stroman,Blue Jays,11,8,0,0,3.85,28,28,167,168,71,17,139,44,1.27,7.51,2.36,3.64,3.2,135.6,13431
Jacob Barnes,Brewers,2,2,1,10,3.73,0,45,45,42,19,5,46,17,1.29,9.29,3.32,3.64,0.3,758.5,12323
Justin Wilson,Tigers,4,3,3,14,3.79,0,65,65,59,27,7,68,24,1.28,9.44,3.31,3.65,0.9,762.2,4301
Justin Verlander,Tigers,14,11,0,0,3.66,34,34,221,199,90,27,219,60,1.17,8.91,2.46,3.65,4.6,45.8,8700
James Paxton,Mariners,11,10,0,0,3.71,29,29,170,165,70,19,159,51,1.27,8.39,2.68,3.65,3.1,162.2,11828
Zach Putnam,White Sox,3,3,2,12,3.58,0,55,55,48,22,6,61,23,1.3,9.94,3.78,3.65,0.5,956.6,9080
Gio Gonzalez,Nationals,11,9,0,0,3.8,29,29,165,159,70,16,155,58,1.32,8.47,3.17,3.65,2.9,283.3,7448
Tyler Lyons,Cardinals,1,1,0,1,3.41,0,15,15,14,6,2,15,4,1.16,9.13,2.28,3.65,0,956.7,11334
Edubray Ramos,Phillies,3,2,0,11,3.7,0,45,45,41,19,5,45,13,1.2,9.05,2.54,3.66,0.3,742.3,16086
Glen Perkins,Twins,1,0,1,0,3.8,0,10,10,10,4,1,10,3,1.23,8.88,2.3,3.66,0,487.9,8041
Brandon Maurer,Padres,3,4,26,8,3.9,0,65,65,60,28,7,64,21,1.25,8.86,2.92,3.66,0.8,233.6,4878
Garrett Richards,Angels,11,8,0,0,3.57,26,26,161,146,64,15,151,58,1.27,8.44,3.24,3.66,2.7,227.3,9784
Andrew Chafin,Diamondbacks,3,2,2,13,3.53,0,55,55,51,22,5,52,22,1.32,8.53,3.57,3.67,0.5,999,12988
Matt Andriese,Rays,7,6,0,8,3.74,13,53,115,112,48,13,101,26,1.2,7.93,2.04,3.67,1.6,368.2,12022
Sam Dyson,Rangers,4,3,32,4,3.55,0,65,65,64,26,6,56,21,1.31,7.8,2.9,3.68,0.9,164,11710
Hector Neris,Phillies,3,3,8,14,3.57,0,65,65,56,26,7,74,25,1.25,10.29,3.53,3.68,0.8,220.1,11804
Fernando Salas,Mets,3,3,1,14,3.83,0,55,55,51,23,7,55,15,1.19,8.98,2.42,3.68,0.5,860.1,4971
Christopher Devenski,Astros,3,2,0,14,3.58,2,57,64,60,26,8,63,17,1.19,8.81,2.33,3.68,0.7,313.4,12763
Shawn Armstrong,Indians,2,1,0,5,3.53,0,35,35,29,14,4,44,18,1.33,11.22,4.52,3.68,0.1,999,12857
Jose De Leon,Rays,7,6,0,0,3.66,21,21,120,104,49,16,135,38,1.19,10.18,2.86,3.68,2.4,339.1,15463
Felix Pena,Cubs,1,1,0,1,3.55,0,20,20,17,8,2,23,8,1.24,10.33,3.62,3.69,0.1,999,13403
Dan Otero,Indians,3,2,1,10,3.61,0,45,45,47,18,5,33,9,1.25,6.67,1.82,3.69,0.3,752.2,7385
Jose Quintana,White Sox,12,11,0,0,3.74,32,32,206,204,85,23,182,53,1.25,7.98,2.3,3.69,4.4,101.3,11423
Nick Vincent,Mariners,3,3,1,16,3.65,0,55,55,50,22,7,58,16,1.21,9.46,2.66,3.7,0.6,729.2,7555
Jonathan Holder,Yankees,2,2,0,5,3.77,0,35,35,32,15,5,37,9,1.19,9.5,2.4,3.7,0.1,943.5,16588
Joe Ross,Nationals,10,8,0,0,3.79,26,26,148,145,62,16,132,41,1.26,8.01,2.47,3.7,2.5,228.9,12972
Zach McAllister,Indians,2,2,0,8,3.64,0,40,40,37,16,5,42,13,1.27,9.56,3.03,3.71,0.3,940.1,2895
Daniel Hudson,Pirates,2,2,5,12,3.9,0,55,55,53,24,6,52,19,1.31,8.43,3.08,3.72,0.5,453.6,7146
Adam Ottavino,Rockies,4,3,14,10,3.73,0,65,65,60,27,8,72,24,1.28,10.03,3.26,3.72,1,192.9,1247
Samuel Tuivailala,Cardinals,1,1,0,1,3.63,0,20,20,17,8,2,23,10,1.36,10.43,4.59,3.72,0,999,13485
Matt Harvey,Mets,8,7,0,0,3.79,24,24,145,136,61,15,124,41,1.22,7.69,2.55,3.73,2.7,158.8,11713
Matt Bowman,Cardinals,2,2,0,9,3.73,0,40,40,40,17,4,31,12,1.3,7.08,2.77,3.73,0.2,999,13528
Shae Simmons,Mariners,0,0,0,1,3.58,0,10,10,9,4,1,10,5,1.34,9.12,4.19,3.73,0,911.7,14200
Shae Simmons,Mariners,1,1,0,2,3.58,0,20,20,18,8,2,20,9,1.34,9.12,4.19,3.73,0,911.7,14200
Rick Porcello,Red Sox,14,10,0,0,3.77,31,31,198,202,83,23,162,38,1.21,7.35,1.72,3.74,3.8,101.8,2717
Hyun-Jin Ryu,Dodgers,1,1,0,0,3.83,2,2,9,9,4,1,8,2,1.24,7.25,2.07,3.74,0.1,379.8,14444
Brad Ziegler,Marlins,3,3,2,16,3.52,0,55,55,54,22,4,42,20,1.34,6.83,3.2,3.74,0.3,429.4,7293
Michael Feliz,Astros,2,2,0,9,3.97,0,40,40,36,18,5,45,15,1.28,10.13,3.42,3.74,0.2,557.4,11903
Charlie Furbush,,3,3,0,0,3.68,0,65,65,59,27,7,65,21,1.24,9.06,2.96,3.75,0.1,999,1370
Oliver Drake,Orioles,2,2,0,8,3.74,0,40,40,34,17,5,48,18,1.3,10.7,4.1,3.75,0.2,999,8823
Hansel Robles,Mets,3,3,1,17,3.7,0,55,55,47,23,7,61,21,1.24,10.01,3.5,3.75,0.6,869.8,11801
Zack Greinke,Diamondbacks,12,10,0,0,3.69,29,29,182,176,75,22,161,44,1.21,7.92,2.17,3.75,3.3,97.9,1943
A.J. Schugel,Pirates,2,2,0,6,3.83,0,35,35,35,15,3,29,10,1.3,7.47,2.67,3.75,0,999,11432
Luke Hochevar,,4,3,0,0,3.61,0,65,65,59,26,8,67,21,1.23,9.25,2.93,3.77,0.4,984.1,6943
Jake Diekman,Rangers,1,1,0,1,3.66,0,25,25,22,10,3,28,12,1.34,9.94,4.18,3.77,0.1,809.1,5003
Marc Rzepczynski,Mariners,2,2,0,10,3.58,0,45,45,42,18,4,45,20,1.38,9.01,4.02,3.77,0.2,999,6612
Vince Velasquez,Phillies,9,9,0,0,3.88,28,28,156,141,67,22,175,52,1.24,10.13,2.98,3.78,2.9,186,11189
Shawn Tolleson,Rays,2,2,0,5,3.83,0,35,35,33,15,4,34,10,1.23,8.77,2.65,3.79,0,910.9,10481
Darren O'Day,Orioles,5,3,2,14,3.35,0,65,65,56,24,9,73,21,1.18,10.17,2.89,3.79,1,523.2,3321
Tyler Glasnow,Pirates,8,7,0,0,3.73,23,23,129,110,53,12,148,70,1.4,10.38,4.92,3.79,2,266,14374
Drew Storen,Reds,3,3,18,6,3.68,0,65,65,60,27,7,63,19,1.22,8.72,2.61,3.79,0.7,397.9,6983
Blake Wood,Reds,3,2,0,10,3.76,0,45,45,39,19,5,50,21,1.33,10.08,4.23,3.79,0.3,999,1345
Tyler Skaggs,Angels,9,8,0,0,3.72,24,24,139,128,57,15,133,48,1.27,8.66,3.12,3.79,2.1,313.8,10190
Masahiro Tanaka,Yankees,12,10,0,0,3.77,32,32,203,200,85,27,178,40,1.18,7.9,1.78,3.8,4,86.9,15764
Mike Morin,Angels,4,3,1,15,3.75,0,55,55,51,23,7,52,16,1.22,8.49,2.67,3.8,0.5,979.1,13442
Oliver Perez,Nationals,3,2,1,11,3.68,0,45,45,40,18,5,49,19,1.3,9.9,3.7,3.8,0.3,999,1514
Buddy Boshers,Twins,1,1,0,1,3.96,0,25,25,24,11,2,24,10,1.36,8.78,3.69,3.81,0,999,8490
Casey Fien,Mariners,2,2,0,5,3.9,0,35,35,34,15,5,31,8,1.2,8.09,2.03,3.81,0.1,999,3926
Alex Wood,Dodgers,7,6,0,1,3.76,16,41,119,114,50,13,106,36,1.26,8.03,2.7,3.81,1.4,376.5,13781
Tyler Webb,Pirates,0,1,0,1,3.86,0,10,10,9,4,1,10,4,1.31,8.96,3.31,3.82,0,999,sa602910
Tyler Jones,Diamondbacks,2,1,0,3,3.84,0,30,30,28,13,3,30,12,1.34,8.91,3.56,3.82,0.1,999,sa549495
Tyler Thornburg,Red Sox,5,3,3,16,3.63,0,65,65,58,26,7,69,27,1.3,9.61,3.71,3.83,0.7,308.5,10688
Dario Alvarez,Rangers,2,2,0,3,3.85,0,30,30,26,13,4,38,13,1.3,11.36,3.86,3.83,0.1,999,14239
Jonathan Broxton,Cardinals,3,2,1,11,3.86,0,45,45,42,19,5,42,17,1.31,8.36,3.36,3.83,0.2,911.2,4759
Jaime Garcia,Braves,8,8,0,0,3.81,23,23,131,130,55,15,116,39,1.29,7.97,2.69,3.83,1.8,371,8137
Ryan Dull,Athletics,4,3,1,12,3.72,0,55,55,51,23,7,55,16,1.21,8.93,2.63,3.83,0.5,373.6,13974
Matt Shoemaker,Angels,13,11,0,0,3.83,32,32,193,187,82,25,170,43,1.2,7.91,2.03,3.83,3.3,219.3,4776
Ryan Madson,Athletics,4,4,22,8,3.78,0,65,65,64,27,7,56,20,1.3,7.81,2.78,3.83,0.6,254.7,1852
Jacob Rhame,Dodgers,1,1,0,1,3.86,0,10,10,9,4,1,11,4,1.29,9.78,3.68,3.83,0,999,sa737837
Jeremy Jeffress,Rangers,3,2,2,15,3.61,0,55,55,56,22,5,45,20,1.38,7.44,3.19,3.83,0.4,400.6,9490
Nick Wittgren,Marlins,2,2,0,3,3.74,0,30,30,29,12,3,26,8,1.23,7.68,2.28,3.84,0,959.7,15594
Silvino Bracho,Diamondbacks,1,1,0,1,3.87,0,20,20,19,9,3,21,6,1.23,9.57,2.73,3.84,0,805.9,15051
Pat Neshek,Phillies,3,3,1,14,3.67,0,55,55,51,22,8,54,15,1.18,8.84,2.38,3.84,0.5,783.4,4682
Leonel Campos,Padres,1,1,0,5,3.82,0,35,35,30,15,4,41,18,1.38,10.54,4.66,3.84,0.1,999,12277
Blake Parker,Angels,0,0,0,1,3.71,0,10,10,9,4,1,11,4,1.25,9.55,3.26,3.84,0,954.1,5224
Ryan Buchter,Padres,2,2,2,15,3.57,0,55,55,45,22,6,65,27,1.31,10.65,4.46,3.85,0.5,629.6,9456
Adam Wainwright,Cardinals,11,10,0,0,3.94,28,28,171,174,75,18,134,46,1.29,7.07,2.41,3.85,2.7,233.1,2233
Blake Snell,Rays,10,9,0,0,3.69,24,24,137,119,56,15,154,67,1.35,10.06,4.37,3.85,2.1,226.8,13543
Alex Claudio,Rangers,2,2,0,8,3.7,0,40,40,42,16,4,29,11,1.31,6.61,2.41,3.85,0.2,999,12890
Luke Weaver,Cardinals,4,4,0,0,4,11,11,66,66,29,8,58,17,1.26,7.87,2.34,3.85,1,324.4,16918
Michael Tonkin,Twins,2,1,0,5,3.94,0,35,35,34,15,4,35,11,1.29,8.98,2.82,3.85,0.1,751.1,10315
Giovanny Gallegos,Yankees,1,1,0,1,3.93,0,10,10,9,4,1,11,3,1.22,9.9,2.78,3.85,0,999,sa659493
Austin Adams,Angels,1,1,0,5,4.01,0,10,10,10,4,1,9,3,1.29,8.12,2.97,3.86,0,999,7411
Austin Adams,Angels,2,2,0,18,4.01,0,35,35,34,16,4,32,12,1.29,8.12,2.97,3.86,0,999,7411
Ivan Nova,Pirates,11,11,0,0,4.01,29,29,171,182,76,17,128,41,1.3,6.7,2.13,3.86,2.4,256.6,1994
Aaron Sanchez,Blue Jays,14,9,0,0,3.7,32,32,205,193,84,21,179,73,1.3,7.86,3.19,3.86,3.4,81.1,11490
Taylor Rogers,Twins,3,2,1,11,3.89,0,55,55,56,24,6,47,17,1.33,7.73,2.76,3.87,0.3,948.7,13449
John Lackey,Cubs,12,9,0,0,3.74,29,29,185,171,77,23,166,50,1.2,8.06,2.45,3.87,2.9,163,1507
Matt Barnes,Red Sox,2,2,1,10,3.91,0,45,45,42,20,5,46,19,1.36,9.23,3.77,3.87,0.2,759.2,12863
Felix Hernandez,Mariners,13,12,0,0,3.79,32,32,207,197,87,23,185,65,1.27,8.07,2.83,3.87,3.2,131.2,4772
Drew Pomeranz,Red Sox,10,7,0,0,3.83,24,24,139,127,59,17,140,52,1.29,9.11,3.39,3.87,2.3,229.3,11426
Bryan Shaw,Indians,3,3,2,15,3.68,0,55,55,52,22,6,53,20,1.31,8.62,3.27,3.87,0.4,697.2,8110
James Pazos,Mariners,1,1,0,3,3.72,0,30,30,27,12,3,32,13,1.33,9.72,4.04,3.88,0.1,999,13323
Sonny Gray,Athletics,10,9,0,0,4.01,26,26,159,160,71,17,134,52,1.33,7.55,2.96,3.88,2.4,255.7,12768
Jake McGee,Rockies,3,2,1,13,3.85,0,55,55,54,24,7,54,18,1.3,8.9,2.92,3.88,0.5,617,7550
Francisco Rodriguez,Tigers,4,3,33,3,3.59,0,65,65,62,26,8,61,21,1.27,8.41,2.9,3.88,0.6,155.8,1642
Carlos Rodon,White Sox,10,9,0,0,3.91,28,28,162,154,71,19,167,62,1.33,9.27,3.42,3.88,2.9,187.2,16137
Joaquin Benoit,Phillies,3,3,10,11,3.38,0,55,55,47,21,6,59,23,1.28,9.64,3.84,3.88,0.6,435.1,1437
Andrew Triggs,Athletics,6,7,0,0,4.09,24,24,137,140,62,14,112,41,1.32,7.32,2.67,3.88,2,362.2,13533
Danny Duffy,Royals,12,10,0,0,3.65,31,31,183,171,74,22,171,55,1.23,8.43,2.7,3.89,2.9,101,3542
Matt Moore,Giants,12,11,0,0,3.76,31,31,177,162,74,18,165,68,1.3,8.43,3.46,3.89,2.3,174,1890
Severino Gonzalez,Marlins,1,1,0,1,4.1,0,15,15,15,7,2,12,3,1.23,7.03,1.96,3.89,0,999,14697
Buddy Baumann,Padres,1,1,0,1,3.87,0,25,25,23,11,3,24,10,1.32,8.66,3.51,3.89,0,999,9309
Joakim Soria,Royals,5,4,3,14,3.76,0,65,65,61,27,7,64,24,1.31,8.8,3.3,3.89,0.5,573,6941
Jose Alvarez,Angels,2,2,0,8,3.76,0,40,40,39,17,4,35,13,1.3,7.91,3.02,3.9,0.1,999,5358
Matt Strahm,Royals,3,3,1,15,3.76,0,55,55,52,23,7,55,18,1.27,8.98,2.92,3.9,0.3,999,13799
Kirby Yates,Angels,1,1,0,1,3.6,0,20,20,18,8,2,22,8,1.27,9.7,3.54,3.91,0,999,9073
Josh Hader,Brewers,3,2,0,0,3.96,8,8,47,41,21,6,54,21,1.34,10.36,4.04,3.91,0.8,999,sa658473
Wei-Yin Chen,Marlins,10,9,0,0,3.82,29,29,174,174,74,22,140,38,1.22,7.21,1.98,3.91,2.3,337.4,13071
Cole Hamels,Rangers,12,9,0,0,3.79,32,32,206,200,87,24,194,68,1.3,8.46,2.97,3.92,3.2,81.9,4972
Jason Grilli,Blue Jays,6,5,3,15,3.82,0,65,65,55,28,9,79,27,1.27,10.87,3.78,3.92,0.6,677.9,521
Rowan Wick,Cardinals,0,0,0,1,3.96,0,10,10,9,4,1,10,5,1.43,9.24,4.79,3.92,0,999,sa549441
Danny Farquhar,Rays,3,2,1,12,3.76,0,55,55,51,23,7,53,19,1.27,8.72,3.07,3.92,0.2,891.7,8501
Sean Manaea,Athletics,10,9,0,0,3.99,28,28,161,158,71,19,144,50,1.29,8.08,2.82,3.92,2.4,190.9,15873
Brian Ellington,Marlins,1,1,0,1,3.74,0,20,20,17,8,2,22,11,1.39,9.72,4.9,3.93,0,910.1,17233
Cesar Vargas,Padres,1,2,0,1,4.07,2,22,29,29,13,3,27,10,1.33,8.14,3.13,3.93,0.1,974.7,14099
Kevin Quackenbush,Padres,3,3,2,13,3.95,0,55,55,53,24,6,50,19,1.31,8.14,3.15,3.94,0.3,798,12360
Aaron Loup,Blue Jays,2,1,0,3,3.76,0,30,30,28,13,3,29,10,1.29,8.56,3.06,3.94,0.1,833.1,10343
Andrew Bailey,Angels,4,4,4,14,3.91,0,65,65,59,28,8,64,23,1.27,8.83,3.2,3.94,0.6,572.1,1368
Kevin Siegrist,Cardinals,4,3,4,15,3.64,0,65,65,54,26,8,74,30,1.29,10.23,4.1,3.94,0.6,575.7,8180
Zack Wheeler,Mets,3,4,0,1,3.88,6,31,62,59,27,7,60,25,1.35,8.66,3.65,3.94,0.6,363.9,10310
Collin McHugh,Astros,12,10,0,0,4,31,31,183,182,81,23,165,51,1.27,8.1,2.49,3.94,3,277.4,7531
Jharel Cotton,Athletics,8,8,0,0,4.1,26,26,152,147,69,18,146,53,1.31,8.64,3.14,3.95,2.6,234.6,13654
Chase Whitley,Rays,1,1,0,1,3.92,0,15,15,15,7,2,13,4,1.26,7.9,2.57,3.95,0,822.8,10982
Wade LeBlanc,Pirates,2,2,0,1,3.96,3,23,39,39,17,4,32,11,1.29,7.31,2.46,3.95,0.3,916.5,5221
Ryan Pressly,Twins,4,4,4,16,3.93,0,65,65,65,28,7,57,23,1.36,7.94,3.18,3.95,0.6,825.1,7005
Lance Lynn,Cardinals,11,9,0,0,3.87,28,28,159,155,68,17,142,59,1.34,8.03,3.34,3.96,2.3,280.7,2520
Joseph Biagini,Blue Jays,3,3,1,15,3.9,0,55,55,55,24,6,49,17,1.31,7.95,2.76,3.96,0.4,999,13194
Kevin Gausman,Orioles,11,10,0,0,4.01,29,29,172,169,76,22,159,52,1.29,8.33,2.73,3.96,3.1,141.5,14107
Joba Chamberlain,Brewers,2,2,0,8,4.01,0,40,40,37,18,4,40,17,1.37,8.93,3.9,3.97,0.1,999,2692
Jon Gray,Rockies,12,9,0,0,4.15,31,31,181,179,84,23,183,63,1.33,9.07,3.14,3.97,3.2,175.3,14916
Tony Barnette,Rangers,4,2,1,13,3.72,0,55,55,54,23,6,49,18,1.32,7.96,3.01,3.97,0.3,870.4,3555
Paco Rodriguez,Braves,2,2,0,8,3.65,0,40,40,35,16,5,43,18,1.34,9.69,4.06,3.97,0.1,999,13398
Heath Hembree,Red Sox,2,1,0,5,3.84,0,35,35,33,15,4,35,13,1.32,8.89,3.32,3.98,0,999,11632
George Kontos,Giants,3,2,1,12,3.73,0,45,45,44,19,5,34,14,1.29,6.84,2.79,3.98,0.1,735.9,9486
Luis Avilan,Dodgers,2,1,0,3,3.66,0,30,30,28,12,3,28,11,1.3,8.48,3.42,3.98,0,978.1,2882
Robbie Ross Jr.,Red Sox,3,2,1,13,3.75,0,55,55,53,23,6,51,20,1.33,8.32,3.3,3.98,0.3,999,6819
Julio Teheran,Braves,10,10,0,0,3.9,29,29,181,173,79,23,162,50,1.23,8.02,2.48,3.98,2.4,98.9,6797
Paul Fry,Mariners,1,1,0,1,3.84,0,15,15,14,6,2,15,7,1.36,9.3,4.12,3.98,0,999,sa738159
Matt Belisle,Twins,2,2,2,13,4.06,0,55,55,59,25,6,40,16,1.37,6.47,2.56,3.99,0.3,809.9,1837
Jose Ruiz,Padres,1,1,0,0,4.35,0,10,10,9,5,1,11,6,1.45,10.07,5.03,3.99,0,999,sa657492
Santiago Casilla,Athletics,3,2,6,12,3.64,0,55,55,52,22,6,51,19,1.29,8.31,3.15,3.99,0.3,437.4,2873
Enny Romero,Nationals,2,2,0,9,3.97,0,40,40,36,18,4,41,18,1.35,9.12,4.09,3.99,0.2,999,4001
Drew Steckenrider,Marlins,0,0,0,1,3.9,0,10,10,9,4,1,10,5,1.42,8.89,4.67,3.99,0,999,sa621408
Antonio Bastardo,Pirates,2,2,0,11,3.95,0,45,45,40,20,5,47,20,1.34,9.36,4.06,4,0.2,939.2,8844
Jake Odorizzi,Rays,9,9,0,0,3.91,28,28,160,150,69,21,147,48,1.24,8.25,2.7,4,2.3,188,6397
Scott Kazmir,Dodgers,7,7,0,0,3.91,21,21,119,112,52,15,111,38,1.26,8.38,2.84,4,1.8,384.9,4897
Michael Wacha,Cardinals,8,8,0,0,4.1,23,23,130,131,59,15,109,42,1.32,7.55,2.91,4.01,1.7,325.7,14078
Luis Garcia,Phillies,2,2,0,3,3.92,0,30,30,29,13,3,29,15,1.46,8.62,4.6,4.01,0.1,999,6984
Bruce Rondon,Tigers,2,2,0,3,4.03,0,30,30,27,13,4,33,14,1.36,10.03,4.26,4.01,0.1,484.4,5766
Zac Rosscup,,3,3,0,0,4.04,0,65,65,56,29,8,74,33,1.36,10.21,4.54,4.01,0.1,999,9419
Lisalverto Bonilla,Reds,2,2,0,5,3.93,0,35,35,31,15,5,38,14,1.3,9.65,3.63,4.01,0,999,11266
Kyle Crockett,Indians,1,1,0,1,3.95,0,25,25,25,11,3,23,9,1.35,8.17,3.25,4.01,0,999,15033
Michael Fulmer,Tigers,11,9,0,0,3.93,29,29,171,169,75,21,147,50,1.28,7.74,2.63,4.02,2.7,130,13218
Jake Petricka,White Sox,2,2,0,8,3.76,0,40,40,39,17,4,34,18,1.43,7.68,4.02,4.02,0.1,999,10534
Josh Osich,Giants,2,2,0,6,3.83,0,35,35,32,15,3,32,16,1.39,8.3,4.17,4.02,0,999,11528
Josh Ravin,Dodgers,0,0,0,1,3.89,0,10,10,8,4,1,12,4,1.27,10.92,3.95,4.02,0,999,2951
Jonathan Papelbon,,4,3,0,0,3.76,0,65,65,63,27,8,56,20,1.26,7.79,2.7,4.03,0.3,653.1,5975
Hunter Cervenka,Marlins,1,1,0,1,3.86,0,25,25,21,11,2,26,14,1.43,9.29,5.2,4.03,0,999,10510
Trevor Gott,Nationals,2,1,0,3,3.86,0,30,30,30,13,3,24,12,1.38,7.19,3.5,4.03,0.1,999,15046
Brett Anderson,Cubs,4,3,0,0,4.05,10,10,55,58,25,6,39,17,1.35,6.28,2.7,4.03,0.7,597.4,8223
Fernando Rodney,Diamondbacks,4,3,26,9,3.86,0,65,65,59,28,7,68,30,1.37,9.41,4.18,4.03,0.3,286.9,494
Drew Smyly,Mariners,10,10,0,0,4.06,29,29,168,160,76,25,164,48,1.23,8.74,2.55,4.04,2.8,202.6,11760
Kevin Chapman,Braves,1,1,0,1,4.17,0,20,20,19,9,2,21,10,1.42,9.42,4.34,4.04,0,999,11240
Matt Grace,Nationals,1,1,0,1,3.97,0,20,20,21,9,2,15,7,1.37,6.53,3.02,4.04,0,812.1,11449
J.P. Howell,Blue Jays,3,3,1,13,3.9,0,55,55,56,24,5,45,21,1.4,7.42,3.42,4.04,0.2,999,8245
Brad Boxberger,Rays,5,4,3,17,3.79,0,65,65,55,27,8,75,31,1.32,10.44,4.29,4.04,0.5,503.6,10133
Mike Leake,Cardinals,11,11,0,0,4.15,31,31,188,202,87,21,129,42,1.3,6.14,2.02,4.04,2.3,348.4,10130
Carlos Estevez,Rockies,4,3,2,15,4.2,0,55,55,53,26,6,56,23,1.38,9.24,3.83,4.05,0.5,879.7,14542
Rafael Martin,Nationals,2,1,0,1,3.98,0,25,25,23,11,3,27,10,1.32,9.55,3.67,4.05,0,999,10258
Tyson Ross,Rangers,7,6,0,0,4.12,19,19,114,113,52,12,102,47,1.41,8.06,3.7,4.05,1.6,330.6,7872
Sean Gilmartin,Mets,3,3,0,6,4.14,3,38,54,53,25,6,46,17,1.31,7.66,2.83,4.05,0.4,999,12781
Hisashi Iwakuma,Mariners,11,11,0,0,4.14,29,29,176,184,81,24,137,36,1.25,7.02,1.83,4.06,2.6,253.9,13048
Zach Davies,Brewers,9,9,0,0,4.18,28,28,158,161,74,20,136,47,1.32,7.71,2.69,4.06,2.4,275.1,13183
Alex Cobb,Rays,8,8,0,0,3.93,23,23,132,132,58,14,104,43,1.33,7.12,2.94,4.06,1.7,273.8,6562
Michael Lorenzen,Reds,2,2,4,14,3.8,0,55,55,52,23,7,52,18,1.28,8.45,2.99,4.06,0.3,397.2,14843
Fernando Abad,Red Sox,2,1,0,3,3.88,0,30,30,28,13,3,29,12,1.33,8.56,3.64,4.06,0,999,4994
Joe Musgrove,Astros,3,3,0,0,4.22,8,8,47,48,22,7,40,9,1.22,7.8,1.79,4.06,0.7,284.7,12970
Brian Flynn,Royals,2,1,0,1,3.89,2,22,29,28,13,3,26,12,1.37,7.91,3.7,4.06,0.1,902.9,12027
J.T. Chargois,Twins,2,2,3,8,4.11,0,45,45,44,21,4,42,20,1.43,8.38,4.01,4.06,0.1,738.3,13767
Tony Sipp,Astros,3,2,0,11,3.83,0,45,45,41,19,7,48,16,1.26,9.54,3.23,4.07,0.2,999,8280
Luis Severino,Yankees,7,7,0,0,4.14,19,19,113,110,52,15,106,36,1.3,8.45,2.9,4.07,1.9,345.8,15890
Dan Altavilla,Mariners,4,4,2,16,3.93,0,65,65,61,28,8,62,25,1.33,8.62,3.42,4.07,0.5,752.3,16507
Alex Meyer,Angels,6,5,0,0,4.08,16,16,94,85,43,11,96,42,1.35,9.23,4.01,4.07,1.2,693.1,12833
Archie Bradley,Diamondbacks,9,9,0,0,4.18,26,26,148,142,69,17,148,65,1.4,8.98,3.96,4.07,1.9,356.7,12918
David Paulino,Astros,2,2,0,1,4.12,3,28,44,42,20,6,41,14,1.3,8.37,2.94,4.07,0.3,636.6,17418
Joe Smith,Blue Jays,3,2,0,10,3.77,0,45,45,44,19,5,39,14,1.3,7.77,2.87,4.07,0.2,884.4,3281
Keith Hessler,Padres,2,2,0,8,4.03,0,40,40,39,18,5,37,16,1.37,8.38,3.6,4.08,0.1,999,12220
Andrew Heaney,Angels,1,1,0,0,3.97,2,2,9,9,4,1,8,3,1.29,7.38,2.61,4.08,0.1,946.1,15423
Bartolo Colon,Braves,9,11,0,0,4.21,28,28,162,178,76,21,112,28,1.28,6.2,1.57,4.08,2,347.3,375
Kyle Zimmer,Royals,2,2,0,3,4.12,0,30,30,29,14,3,28,12,1.37,8.38,3.68,4.08,0,999,sa621583
Dan Jennings,White Sox,3,2,3,14,3.78,0,55,55,55,23,5,46,24,1.44,7.49,3.91,4.09,0.4,999,8073
Yusmeiro Petit,Angels,1,1,0,3,4.03,0,30,30,29,13,4,26,7,1.22,7.84,2.11,4.09,0.1,926.2,4020
Ty Blach,Giants,5,5,0,1,4.06,10,35,81,86,37,8,54,22,1.32,5.98,2.41,4.09,0.6,566.7,14361
Drew Hutchison,Pirates,5,6,0,1,4.3,13,38,100,99,48,12,92,34,1.33,8.28,3.03,4.09,1.1,498.3,10732
Brandon McCarthy,Dodgers,6,5,0,0,3.95,16,16,93,94,41,12,74,24,1.27,7.22,2.31,4.09,1.2,506.9,4662
Brock Stewart,Dodgers,3,3,0,1,4.1,5,20,43,42,20,6,41,12,1.25,8.46,2.52,4.09,0.4,581.9,16727
Eric O'Flaherty,Braves,2,2,0,5,4.67,0,35,35,37,18,4,29,13,1.4,7.41,3.23,4.09,0,999,5746
Enrique Burgos,Diamondbacks,2,2,1,10,4.14,0,45,45,40,21,5,52,24,1.42,10.32,4.83,4.09,0.1,939.7,3895
Tyler Duffey,Twins,5,5,0,7,4.4,8,48,86,92,42,11,71,22,1.33,7.39,2.33,4.1,0.8,625.1,13758
Shane Greene,Tigers,2,2,0,5,4.4,0,35,35,36,17,4,30,12,1.36,7.66,2.96,4.1,0,870.7,10756
John Axford,Athletics,3,3,1,9,4.11,0,45,45,44,21,4,42,21,1.44,8.41,4.24,4.1,0.1,826.2,9059
Zac Curtis,Mariners,1,0,0,1,3.84,0,10,10,9,4,1,11,4,1.33,9.88,3.95,4.1,0,999,16684
Brandon Kintzler,Twins,3,3,24,6,4,0,65,65,72,29,7,43,17,1.37,5.9,2.3,4.1,0.3,287.9,9939
Josh Edgin,Mets,1,1,0,1,3.95,0,20,20,18,9,2,20,10,1.4,9.09,4.36,4.11,0,999,10796
J.B. Wendelken,Athletics,1,1,0,1,4.27,0,15,15,15,7,2,13,5,1.39,7.65,3.2,4.11,0,999,14506
Brian Duensing,Cubs,2,2,0,6,3.68,0,35,35,33,14,4,29,13,1.31,7.4,3.23,4.12,0,999,4064
Blaine Hardy,Tigers,2,2,0,8,3.99,0,40,40,40,18,4,33,15,1.37,7.37,3.35,4.12,0.1,999,6499
Pat Venditte,Phillies,1,2,0,5,4.11,0,35,35,33,16,5,35,14,1.33,9.13,3.5,4.12,0.1,999,7108
Neftali Feliz,Brewers,3,3,26,7,4.13,0,65,65,58,30,9,70,26,1.29,9.75,3.57,4.13,0.6,274.9,18
Jumbo Diaz,Rays,1,1,0,1,3.84,0,25,25,23,11,3,24,9,1.29,8.74,3.4,4.13,0,999,3397
Ricky Nolasco,Angels,10,10,0,0,4.27,29,29,176,182,83,23,132,42,1.27,6.74,2.15,4.13,2,417.9,3830
Ryan Tepera,Blue Jays,1,1,0,1,3.99,0,25,25,24,11,3,24,10,1.34,8.73,3.45,4.13,0,999,10291
Jerad Eickhoff,Phillies,9,10,0,0,4.08,26,26,153,150,69,22,137,40,1.25,8.07,2.36,4.14,2.3,205.4,12664
Anthony DeSclafani,Reds,8,8,0,0,4.06,23,23,136,136,61,19,117,36,1.27,7.73,2.42,4.14,1.9,277,13050
Mike Montgomery,Cubs,7,6,0,1,3.83,18,28,113,106,48,11,96,45,1.33,7.65,3.59,4.14,1.2,306.6,4869
Patrick Corbin,Diamondbacks,4,4,0,9,4.17,6,46,78,80,36,9,65,25,1.36,7.57,2.95,4.14,0.5,453.1,9323
Mike Hauschild,Rangers,2,2,0,5,4.31,0,35,35,37,17,4,28,10,1.35,7.3,2.6,4.14,0,999,sa621613
Mauricio Cabrera,Braves,4,4,2,15,3.97,0,55,55,49,24,5,56,33,1.49,9.15,5.38,4.14,0.1,425.4,12975
Ross Stripling,Dodgers,4,4,1,12,4.24,3,48,64,65,30,8,51,19,1.31,7.21,2.69,4.15,0.2,713.7,13273
J.A. Happ,Blue Jays,12,10,0,0,4.11,31,31,181,178,83,24,158,56,1.29,7.82,2.79,4.15,2.6,190.2,7410
Jake Buchanan,Cubs,1,1,0,1,4.04,0,15,15,16,7,2,11,4,1.31,6.31,2.46,4.15,0,944.1,10962
Odrisamer Despaigne,Marlins,0,1,0,1,4.31,0,10,10,10,5,1,7,3,1.35,6.48,2.99,4.16,0,999,16017
Robert Gsellman,Mets,8,9,0,0,4.2,24,24,137,139,64,16,108,44,1.34,7.08,2.9,4.16,1.7,310.9,13696
Jhan Marinez,Brewers,2,2,2,12,4,0,55,55,54,24,6,50,22,1.38,8.25,3.6,4.16,0.2,999,5830
Jason Frasor,,3,3,0,0,4.14,0,65,65,63,30,7,59,28,1.39,8.2,3.88,4.17,0.3,999,1906
Tanner Roark,Nationals,12,10,0,0,4.05,29,29,177,178,80,21,136,54,1.31,6.93,2.73,4.17,1.9,147.7,8753
Clayton Blackburn,Giants,1,1,0,0,4.18,3,3,19,19,9,2,14,5,1.33,6.59,2.58,4.17,0.2,999,sa598302
Dustin McGowan,Marlins,2,1,0,6,3.86,0,35,35,31,15,3,32,17,1.39,8.28,4.45,4.17,0,930.7,8600
Jake Barrett,Diamondbacks,3,3,6,15,4.07,0,65,65,62,29,7,62,29,1.39,8.6,3.98,4.18,0.3,565,13322
Daniel Norris,Tigers,8,7,0,0,4.2,21,21,122,121,57,15,113,47,1.37,8.31,3.44,4.18,1.6,275.9,13475
Brooks Pounders,Angels,1,1,0,1,4.07,0,10,10,9,5,1,9,4,1.33,8.4,3.56,4.18,0,999,10387
Chris Stratton,Giants,1,1,0,1,4.19,0,20,20,20,9,2,16,8,1.38,7.33,3.47,4.19,0,999,13761
Steven Brault,Pirates,3,3,0,0,4.17,10,10,55,57,26,6,43,20,1.39,7,3.23,4.19,0.5,621.4,15291
Chris Smith,Athletics,1,1,0,1,4.26,0,20,20,20,9,2,18,7,1.36,8,3.33,4.19,0,999,4544
Carlos Torres,Brewers,3,3,2,15,4.05,0,55,55,53,25,7,53,21,1.35,8.66,3.46,4.19,0.2,663,7624
Trevor Cahill,Padres,1,1,0,0,4.12,3,3,18,17,8,2,18,9,1.45,8.66,4.58,4.19,0.2,760,6249
Jesse Chavez,Angels,8,8,0,0,4.17,23,23,131,131,61,17,109,39,1.3,7.49,2.68,4.19,1.5,683.1,5448
Ryan O'Rourke,Twins,1,1,0,1,4.16,0,15,15,14,7,2,15,6,1.37,9.03,3.87,4.2,0,999,10976
Brady Rodgers,Astros,1,1,0,1,4.46,0,15,15,16,7,2,12,3,1.29,7.22,2.04,4.2,0,999,13393
Chasen Shreve,Yankees,2,2,0,10,3.97,0,45,45,40,20,6,49,19,1.32,9.82,3.84,4.2,0.2,999,10855
Mike Minor,Royals,1,1,0,1,4.11,0,25,25,24,11,3,22,9,1.33,7.9,3.17,4.21,0,961.1,10021
Jimmie Sherfy,Diamondbacks,1,1,0,1,4.19,0,10,10,9,5,1,11,5,1.4,10.04,4.45,4.21,0,999,sa737897
Robby Scott,Red Sox,1,1,0,1,4.17,0,20,20,21,9,3,17,6,1.34,7.5,2.81,4.21,0,999,13042
Chandler Shepherd,Red Sox,0,0,0,1,4.32,0,10,10,10,5,1,8,3,1.36,7.65,3.04,4.21,0,999,sa602595
Jhoulys Chacin,Padres,6,8,0,0,4.36,21,21,120,122,58,13,98,47,1.41,7.41,3.54,4.21,1.4,632.1,2608
Edinson Volquez,Marlins,9,9,0,0,4.2,28,28,161,162,75,16,124,62,1.39,6.91,3.47,4.22,1.6,398.5,3990
Taijuan Walker,Diamondbacks,8,8,0,0,4.22,24,24,136,133,64,19,123,39,1.26,8.13,2.57,4.22,1.8,255.7,11836
Trevor Bauer,Indians,8,7,0,0,4.25,23,23,133,128,63,17,123,51,1.35,8.38,3.49,4.22,1.7,280.1,12703
Francisco Liriano,Blue Jays,9,8,0,0,4.11,24,24,140,129,64,19,149,63,1.37,9.58,4.07,4.22,1.7,299.4,3201
Randall Delgado,Diamondbacks,4,3,3,15,4.07,0,55,55,53,25,7,52,23,1.39,8.49,3.82,4.22,0.2,859,5985
Al Alburquerque,Royals,2,1,0,5,4.03,0,35,35,33,16,4,32,17,1.43,8.35,4.37,4.23,0,999,6324
Yohander Mendez,Rangers,1,1,0,1,4.2,0,10,10,10,5,1,9,4,1.4,8.13,3.71,4.23,0,656.9,14391
Zack Godley,Diamondbacks,1,1,0,1,4.19,2,17,24,24,11,3,22,9,1.38,8.06,3.36,4.23,0.1,863.1,14862
Jackson Stephens,Reds,1,1,0,1,4.25,0,20,20,20,9,3,17,6,1.31,7.45,2.65,4.23,0,999,sa658342
Bryan Morris,Marlins,1,1,0,1,3.93,0,10,10,10,4,1,8,4,1.43,7.11,3.86,4.24,0,999,10234
Jose Berrios,Twins,7,8,0,0,4.43,19,19,110,112,54,15,98,37,1.36,8.06,3.07,4.24,1.4,335.3,14168
Eduardo Rodriguez,Red Sox,9,8,0,0,4.23,24,24,139,140,65,19,119,44,1.33,7.7,2.85,4.25,1.8,298.3,13164
Tyler Anderson,Rockies,11,9,0,0,4.22,29,29,171,180,80,22,141,57,1.39,7.43,3.01,4.25,2.5,327.5,12880
Noe Ramirez,Red Sox,1,1,0,1,4.09,0,25,25,25,11,3,23,10,1.38,8.34,3.58,4.25,0,999,12800
Donnie Hart,Orioles,2,1,0,5,3.96,0,35,35,35,15,4,27,12,1.35,6.91,3.1,4.26,0,999,15306
Adam Conley,Marlins,8,7,0,0,4.13,23,23,129,124,59,14,110,53,1.38,7.7,3.73,4.26,1.3,328.4,14457
Nick Kingham,Pirates,1,1,0,0,4.43,2,2,9,10,5,1,7,3,1.37,6.66,2.7,4.26,0.1,999,sa548285
Jose Urena,Marlins,3,4,0,9,4.32,3,43,59,61,28,7,43,19,1.35,6.58,2.92,4.27,0.2,893.2,11589
Jeanmar Gomez,Phillies,3,3,21,9,4.32,0,65,65,70,31,7,46,22,1.4,6.37,2.99,4.27,0.2,338.8,9033
Mike Foltynewicz,Braves,8,10,0,0,4.26,26,26,152,148,72,21,146,55,1.34,8.67,3.25,4.27,1.6,294.6,10811
Tommy Kahnle,White Sox,1,1,0,5,4.09,0,35,35,31,16,4,39,21,1.48,10.02,5.41,4.27,0,999,11384
Erasmo Ramirez,Rays,3,3,1,10,3.91,0,45,45,45,20,6,32,13,1.29,6.48,2.51,4.27,0.1,718.6,10314
Chris Capuano,,3,3,0,0,4.29,0,65,65,63,31,8,62,27,1.38,8.57,3.69,4.27,0,999,1701
Shelby Miller,Diamondbacks,8,9,0,0,4.33,24,24,139,142,67,18,114,48,1.37,7.37,3.13,4.27,1.7,367.2,10197
Homer Bailey,Reds,5,6,0,0,4.37,15,15,83,85,40,11,71,26,1.32,7.63,2.76,4.27,1,440.9,8362
Tommy Layne,Yankees,2,2,1,13,3.98,0,55,55,52,24,6,50,26,1.42,8.24,4.23,4.28,0.2,999,7501
Brandon Woodruff,Brewers,2,2,0,0,4.45,5,5,28,28,14,4,24,10,1.37,7.86,3.14,4.28,0.4,999,sa597893
Sean Marshall,,3,3,0,0,4.06,0,65,65,65,29,6,52,28,1.44,7.19,3.92,4.28,0.1,999,5905
Huston Street,Angels,3,3,6,10,4.07,0,55,55,54,25,7,47,19,1.32,7.65,3.16,4.28,0,345.3,8258
John Gant,Cardinals,4,4,0,3,4.38,6,36,68,66,33,8,61,27,1.38,8.18,3.62,4.28,0.4,999,13684
Max Povse,Mariners,0,1,0,1,4.32,0,10,10,10,5,1,8,3,1.32,6.96,2.46,4.28,0,999,sa602653
Mark Lowe,Tigers,2,2,1,12,4.44,0,55,55,54,27,8,51,20,1.36,8.42,3.35,4.28,0.3,999,7416
Clay Buchholz,Phillies,6,7,0,0,4.25,18,18,103,102,49,13,87,34,1.32,7.56,2.97,4.29,1.5,397.9,3543
Chad Qualls,Rockies,2,2,1,10,4.55,0,45,45,50,23,6,34,11,1.36,6.82,2.29,4.29,0.1,999,2170
Scott Alexander,Royals,2,2,2,12,4.2,0,55,55,57,26,6,41,21,1.41,6.72,3.4,4.29,0,999,10591
Vidal Nuno,Orioles,3,3,1,9,4.08,3,48,64,63,29,10,56,16,1.25,7.97,2.25,4.3,0.4,974.1,9674
Ervin Santana,Twins,11,12,0,0,4.43,32,32,198,209,98,26,158,63,1.37,7.17,2.85,4.3,2.4,288.9,3200
Jandel Gustave,Astros,1,1,0,1,4.25,0,20,20,19,9,2,18,9,1.39,8.25,3.84,4.3,0,999,14665
Nate Karns,Royals,5,5,0,0,4.32,16,16,92,89,44,12,88,38,1.38,8.53,3.69,4.3,1,430.8,12638
Dylan Bundy,Orioles,11,9,0,0,4.18,26,26,148,144,69,21,139,53,1.33,8.45,3.2,4.3,2.3,244.4,12917
Jeremy Hellickson,Phillies,9,11,0,0,4.32,29,29,170,173,82,25,142,46,1.29,7.5,2.44,4.3,2.2,276.9,4371
Tommy Milone,Brewers,3,4,0,5,4.39,5,40,63,66,31,10,53,16,1.3,7.53,2.33,4.3,0.3,938.7,7608
Ryan Garton,Rays,2,2,0,3,4.18,0,30,30,29,14,4,26,12,1.39,7.79,3.74,4.3,0,999,14016
Charlie Morton,Astros,7,8,0,0,4.35,21,21,119,121,57,14,100,42,1.37,7.58,3.21,4.3,1.2,510.3,4676
Mike Fiers,Astros,11,11,0,0,4.32,31,31,178,179,86,26,150,49,1.28,7.57,2.49,4.3,2.2,371,7754
Conor Mullee,,4,4,0,0,4.12,0,65,65,60,30,8,63,28,1.35,8.75,3.86,4.3,0,999,11580
Evan Marshall,Diamondbacks,0,1,0,1,4.22,0,10,10,10,5,1,8,4,1.44,7.39,3.58,4.31,0,999,12297
Phil Hughes,Twins,8,9,0,0,4.59,24,24,141,159,72,22,99,23,1.29,6.31,1.45,4.31,1.9,647.4,7450
Anthony Banda,Diamondbacks,1,1,0,0,4.34,2,2,9,9,4,1,8,4,1.39,7.69,3.41,4.32,0.1,999,sa599510
Austin Voth,Nationals,3,3,0,1,4.29,8,23,62,62,30,8,53,23,1.37,7.67,3.36,4.32,0.5,999,sa621465
Joely Rodriguez,Phillies,2,2,0,8,4.21,0,40,40,40,19,5,33,16,1.39,7.4,3.54,4.32,0.1,999,11487
Cody Anderson,Indians,1,1,0,0,4.4,3,3,18,20,9,3,15,5,1.35,7.1,2.55,4.32,0.2,853.1,12799
JC Ramirez,Angels,4,4,1,10,4.21,6,51,83,83,39,10,65,30,1.38,7.06,3.32,4.33,0.3,984.1,8302
Daniel Mengden,Athletics,2,3,0,0,4.63,6,6,37,38,19,5,31,14,1.41,7.57,3.42,4.33,0.3,725.3,16980
Jared Hughes,Pirates,2,2,2,8,3.94,0,40,40,43,18,4,25,14,1.43,5.6,3.11,4.33,-0.1,982.1,9325
Wade Miley,Orioles,10,10,0,0,4.48,29,29,169,180,84,22,135,56,1.39,7.17,2.97,4.34,2,623.5,8779
Jordan Zimmermann,Tigers,10,10,0,0,4.34,29,29,170,184,82,24,120,38,1.31,6.36,2.02,4.34,2.4,299.2,4505
Chris Bassitt,Athletics,0,1,0,0,4.44,2,2,9,10,5,1,7,4,1.41,7.2,3.41,4.34,0.1,988.1,12304
Kyle Ryan,Tigers,2,2,1,10,4.13,0,45,45,48,21,5,30,16,1.4,6.03,3.11,4.34,0,999,11753
Mike Dunn,Rockies,3,3,0,8,4.28,0,40,40,39,19,6,41,16,1.38,9.16,3.55,4.34,0.2,942.2,9948
Nate Smith,Angels,1,1,0,1,4.22,0,10,10,10,5,1,8,3,1.32,7.09,2.87,4.34,0,999,sa737900
Steve Hathaway,Diamondbacks,1,1,0,1,4.22,0,25,25,25,12,3,23,11,1.44,8.36,4.13,4.34,0,999,15293
Josh Tomlin,Indians,9,8,0,0,4.36,23,23,132,143,64,22,98,21,1.24,6.68,1.42,4.34,1.5,338.8,9388
Kevin Gadea,Rays,1,1,0,1,4.28,0,20,20,19,10,2,18,9,1.4,8.27,4.04,4.35,0,999,sa735841
Kendall Graveman,Athletics,9,11,0,0,4.44,29,29,172,191,85,20,108,48,1.39,5.67,2.53,4.35,1.6,374.4,15514
Jose Ramirez,Braves,2,3,1,10,4.18,0,45,45,41,21,5,48,24,1.44,9.54,4.73,4.35,-0.1,999,10171
Alex Wilson,Tigers,2,3,2,14,4.08,0,55,55,58,25,7,38,17,1.36,6.27,2.82,4.35,0.2,771.8,9239
Clayton Richard,Padres,5,6,0,0,4.21,16,16,93,104,44,10,57,31,1.44,5.53,2.98,4.35,0.8,826.4,3551
Brent Suter,Brewers,2,2,0,3,4.36,0,30,30,32,15,4,22,8,1.35,6.72,2.46,4.36,0.1,999,13942
Dovydas Neverauskas,Pirates,1,1,0,1,4.27,0,10,10,10,5,1,9,5,1.47,7.92,4.27,4.36,0,999,sa549722
Mike Bolsinger,Blue Jays,2,2,0,0,4.51,6,6,38,38,19,5,36,14,1.4,8.5,3.45,4.36,0.5,999,11137
Joe Mantiply,Tigers,0,1,0,1,4.44,0,10,10,10,5,1,8,3,1.37,7.39,2.96,4.36,0,999,14857
Ian Kennedy,Royals,11,11,0,0,4.19,31,31,181,176,84,27,167,60,1.3,8.28,2.97,4.37,2.2,231.8,6986
Matt Dermody,Blue Jays,0,0,0,1,4.6,0,10,10,11,5,1,7,3,1.36,6.5,2.52,4.37,0,999,14844
Tyler Clippard,Yankees,4,3,1,15,4.05,0,55,55,49,25,9,59,22,1.3,9.6,3.67,4.38,0.3,689.7,5640
Albert Suarez,Giants,2,2,0,0,4.29,5,5,28,29,13,3,19,9,1.38,6.18,2.91,4.38,0.2,847.8,6175
Cody Reed,Reds,5,5,0,0,4.24,13,13,72,71,34,10,66,25,1.33,8.25,3.13,4.38,0.8,631.2,15232
Chad Bettis,Rockies,1,1,0,0,4.53,2,2,9,10,5,1,7,3,1.43,6.83,2.97,4.38,0.1,505.4,10587
Perci Garner,Indians,1,1,0,3,4.24,0,30,30,30,14,3,26,13,1.45,7.84,3.96,4.38,0,999,10887
Kyle Gibson,Twins,9,10,0,0,4.56,28,28,161,176,81,19,112,55,1.44,6.29,3.1,4.39,1.7,594,10123
Anibal Sanchez,Tigers,3,4,0,0,4.61,10,10,56,57,29,8,47,18,1.34,7.53,2.86,4.39,0.8,573.9,3284
Zach Lee,Padres,0,1,0,0,4.65,2,2,9,10,5,1,6,2,1.35,6.22,2.41,4.39,0.1,999,11468
Trevor Williams,Pirates,3,3,0,3,4.48,3,33,49,54,24,6,34,15,1.41,6.23,2.78,4.39,0.1,999,16977
Reynaldo Lopez,White Sox,2,2,0,1,4.53,3,13,29,28,15,4,29,12,1.4,9.07,3.78,4.39,0.2,999,16400
Mike Clevinger,Indians,4,4,0,1,4.46,10,25,71,71,35,10,67,29,1.39,8.39,3.65,4.39,0.7,608.3,12808
Jason Vargas,Royals,9,10,0,0,4.35,26,26,148,158,71,21,108,38,1.32,6.56,2.28,4.4,1.7,526.6,8044
Chad Green,Yankees,8,8,0,1,4.49,19,29,123,125,61,19,113,39,1.33,8.27,2.85,4.4,1.3,999,15552
Christian Friedrich,Padres,7,10,0,0,4.52,24,24,141,145,71,17,111,55,1.43,7.14,3.55,4.41,1.6,812.2,7942
Chad Kuhl,Pirates,6,7,0,0,4.49,19,19,110,119,55,14,80,32,1.37,6.56,2.58,4.41,0.9,392.3,14975
Junior Guerra,Brewers,10,11,0,0,4.34,31,31,182,178,88,25,166,72,1.37,8.22,3.56,4.41,2.2,283.5,5702
Sal Romano,Reds,1,2,0,3,4.49,0,30,30,31,15,4,25,9,1.33,7.47,2.8,4.41,0,999,sa599266
Steven Wright,Red Sox,8,6,0,0,4.26,19,19,115,118,54,15,88,40,1.38,6.93,3.11,4.42,1.2,323.8,8185
Jason Hammel,Royals,10,10,0,0,4.3,28,28,155,158,74,23,127,45,1.31,7.37,2.61,4.42,1.5,297.6,4538
Luis Perdomo,Padres,8,12,0,0,4.65,28,28,163,181,84,20,119,55,1.45,6.56,3.04,4.42,1.3,484.2,14682
Bobby Wahl,Athletics,0,0,0,1,4.5,0,10,10,10,5,1,10,6,1.51,8.86,5.02,4.42,0,999,sa550093
Mat Latos,Blue Jays,2,2,0,5,4.48,0,35,35,37,17,5,27,11,1.36,7.03,2.77,4.43,0,955.7,3815
Ben Lively,Phillies,1,2,0,1,4.48,2,17,24,25,12,4,21,8,1.33,7.79,2.96,4.43,0.1,999,sa549720
Austin Pruitt,Rays,0,1,0,0,4.48,2,2,9,10,5,1,7,2,1.31,6.5,2.24,4.43,0.1,999,sa737920
Lucas Sims,Braves,1,1,0,1,4.31,0,10,10,9,5,1,11,6,1.51,9.48,5.42,4.43,0,999,sa657914
Johnny Barbato,Yankees,1,1,0,1,4.38,0,20,20,19,10,3,20,10,1.42,9.18,4.28,4.43,0,999,11440
Tony Cingrani,Reds,3,3,1,13,4.19,0,55,55,49,26,7,57,30,1.43,9.36,4.9,4.43,0.1,591.1,12555
Greg Mahle,Angels,1,1,0,1,4.29,0,25,25,25,12,3,19,10,1.39,6.92,3.42,4.43,0,999,16877
Jake Peavy,,4,5,0,0,4.44,13,13,74,77,37,11,57,22,1.34,6.97,2.68,4.43,0.8,909.3,1051
Glenn Sparkman,Blue Jays,1,1,0,1,4.47,0,10,10,10,5,2,8,3,1.33,7.56,2.52,4.43,0,999,sa738220
Jacob Faria,Rays,2,2,0,1,4.38,3,13,29,27,14,4,27,14,1.42,8.42,4.28,4.43,0.2,999,sa598097
Walker Lockett,Padres,1,1,0,1,4.52,2,12,19,21,10,3,13,5,1.34,6.21,2.26,4.44,0.1,999,sa657984
Scott Oberg,Rockies,1,1,0,1,4.31,0,20,20,20,10,2,18,9,1.45,8.12,3.97,4.44,0,999,13911
Chris Rusin,Rockies,4,4,0,1,4.56,8,33,72,81,36,9,51,22,1.43,6.36,2.73,4.44,0.6,918.9,9895
Henderson Alvarez,,5,6,0,0,4.36,16,16,94,106,45,12,57,24,1.39,5.48,2.31,4.45,0.9,940,5669
Logan Ondrusek,Orioles,1,1,0,1,4.58,0,25,25,26,13,3,22,9,1.4,7.76,3.34,4.45,0,999,3677
Miguel Castro,Rockies,2,2,0,3,4.39,0,30,30,32,15,4,28,13,1.5,8.36,3.98,4.45,0.1,999,15684
Adam Warren,Yankees,4,4,0,8,4.36,5,45,68,68,33,9,58,25,1.36,7.65,3.26,4.45,0.4,843.3,9029
Nick Pivetta,Phillies,2,2,0,1,4.4,2,22,29,29,14,4,27,12,1.37,8.35,3.62,4.45,0.1,999,sa737889
Martin Perez,Rangers,9,9,0,0,4.49,28,28,161,179,80,17,99,56,1.46,5.5,3.14,4.45,1.6,466.5,6902
Mike Mayers,Cardinals,2,3,0,1,4.53,3,28,44,46,22,6,34,15,1.4,7.02,3.16,4.45,0.1,999,15451
Jeff Locke,Marlins,3,4,0,0,4.49,11,11,65,69,32,7,45,24,1.42,6.17,3.32,4.46,0.5,850.4,2929
Tyler Cravy,Brewers,1,1,0,1,4.5,0,25,25,24,12,4,24,10,1.38,8.58,3.66,4.46,0,999,10770
Daniel Stumpf,Tigers,1,2,0,1,4.7,0,25,25,26,13,3,20,9,1.42,7.27,3.41,4.46,0,999,13780
Ben Heller,Yankees,1,1,0,1,4.32,0,15,15,14,7,2,16,7,1.4,9.57,4.24,4.47,0,919.1,15100
CC Sabathia,Yankees,8,8,0,0,4.48,24,24,143,150,71,20,118,47,1.37,7.37,2.96,4.47,1.8,408.2,404
Tyler Chatwood,Rockies,12,10,0,0,4.42,29,29,172,182,85,20,131,71,1.47,6.86,3.7,4.47,2.1,364.3,4338
Austin Adams,Nationals,0,0,0,1,4.31,0,10,10,9,5,1,11,7,1.57,9.51,6.02,4.48,0,999,sa658119
Ashur Tolliver,Astros,0,0,0,1,4.47,0,10,10,10,5,1,10,5,1.42,8.72,4.11,4.48,0,999,10044
Jorge de la Rosa,Diamondbacks,3,3,0,5,4.41,3,38,54,55,26,7,45,22,1.44,7.56,3.67,4.48,0.2,915.3,2047
Ryan Merritt,Indians,2,2,0,1,4.6,3,13,29,33,15,4,18,6,1.33,5.58,1.75,4.49,0.2,861.6,13688
Robbie Erlin,Padres,0,1,0,0,4.71,2,2,9,10,5,1,7,3,1.35,7.02,2.68,4.49,0.1,999,10354
R.A. Dickey,Braves,9,11,0,0,4.38,28,28,162,161,79,21,121,56,1.35,6.73,3.14,4.5,1.4,412.8,1245
Ross Ohlendorf,,5,5,0,0,4.3,0,65,65,61,31,10,65,27,1.36,9.02,3.74,4.5,0,999,8268
Travis Wood,Royals,3,3,0,0,4.27,11,11,65,63,31,9,53,26,1.37,7.37,3.57,4.51,0.7,739.8,9884
Jimmy Nelson,Brewers,4,5,0,0,4.57,13,13,75,77,38,9,62,29,1.42,7.49,3.51,4.51,0.8,479.9,10547
Rob Zastryzny,Cubs,1,1,0,1,4.48,0,25,25,25,12,3,22,10,1.38,7.98,3.59,4.51,0,999,15094
Jarrod Parker,,1,1,0,0,4.56,3,3,18,20,9,3,13,6,1.38,6.5,2.77,4.51,0.2,973.1,4913
Dan Straily,Marlins,8,9,0,0,4.42,24,24,141,136,69,20,121,53,1.35,7.74,3.38,4.51,1,309.4,9460
Matt Wisler,Braves,7,9,0,0,4.65,21,21,122,128,63,18,94,37,1.36,6.94,2.75,4.52,0.8,629.9,12804
Justin Nicolino,Marlins,4,4,0,0,4.55,11,11,65,73,33,8,34,16,1.37,4.65,2.2,4.52,0.4,841.1,11754
Drew VerHagen,Tigers,1,1,0,1,4.44,0,15,15,16,7,2,10,6,1.47,6.21,3.55,4.53,0,999,13424
Ariel Miranda,Mariners,4,4,0,0,4.38,11,11,65,66,32,9,52,22,1.35,7.25,3.09,4.53,0.7,447.3,17526
Tom Koehler,Marlins,8,9,0,0,4.46,24,24,138,140,68,17,108,57,1.43,7.04,3.74,4.53,0.9,575.9,6570
Bo Schultz,Blue Jays,1,1,0,1,4.58,0,15,15,16,8,2,12,5,1.38,6.95,3.1,4.54,0,999,5028
Joe Gunkel,Orioles,1,1,0,1,4.69,0,10,10,11,5,2,7,2,1.3,6.38,1.78,4.54,0,999,sa738176
Justin Haley,Twins,2,2,0,3,4.7,0,30,30,32,16,4,24,11,1.45,7.06,3.41,4.55,0,999,sa550274
Pat Light,Pirates,1,1,0,1,4.61,0,15,15,15,8,2,14,9,1.55,8.19,5.14,4.55,0,999,13427
German Marquez,Rockies,9,9,0,1,4.75,24,34,151,169,80,22,116,45,1.42,6.92,2.69,4.55,1.6,804.9,15038
Chris Tillman,Orioles,8,8,0,0,4.52,23,23,130,134,65,18,104,47,1.39,7.16,3.26,4.55,1.3,298.9,5279
Tayron Guerrero,Marlins,1,1,0,1,4.4,0,10,10,9,5,1,9,5,1.48,8.22,4.84,4.55,0,999,11691
Seth Lugo,Mets,3,4,0,0,4.61,11,11,65,68,33,10,51,21,1.35,7.07,2.83,4.56,0.5,429.9,12447
Dallas Beeler,Cubs,1,1,0,0,4.56,3,3,18,19,9,2,12,7,1.41,5.91,3.22,4.56,0.1,999,11471
Wily Peralta,Brewers,6,7,0,0,4.73,18,18,102,112,54,14,77,35,1.44,6.81,3.09,4.56,0.9,518.5,7738
Juan Minaya,White Sox,1,1,0,1,4.66,0,25,25,25,13,3,22,12,1.48,7.96,4.28,4.56,0,999,10341
Michael Blazek,Brewers,1,1,0,1,4.52,0,15,15,15,8,2,13,7,1.46,7.95,4.1,4.57,0,892.7,9654
Ubaldo Jimenez,Orioles,7,8,0,1,4.73,18,28,113,115,60,15,98,51,1.46,7.82,4.06,4.57,1.1,662.5,3374
Jim Henderson,Cubs,2,2,0,3,4.52,0,30,30,28,15,5,31,14,1.4,9.33,4.27,4.58,0,969.1,6653
Matt Koch,Diamondbacks,0,1,0,1,4.71,0,10,10,11,5,1,6,2,1.35,5.75,2.08,4.58,0,999,13420
Jake Junis,Royals,2,2,0,1,4.67,3,13,29,31,15,4,21,8,1.35,6.55,2.43,4.58,0.1,999,sa602414
Tim Cooney,Indians,3,3,0,0,4.43,8,8,47,51,23,7,35,14,1.37,6.78,2.61,4.59,0.4,862.4,13762
Wandy Peralta,Reds,2,2,0,8,4.39,0,40,40,40,20,5,33,19,1.46,7.42,4.21,4.59,-0.1,999,14295
Jeff Hoffman,Rockies,7,6,0,0,4.59,19,19,110,117,56,16,95,44,1.46,7.76,3.58,4.59,1.2,640.3,17432
Josh Collmenter,Braves,1,2,0,1,4.36,2,27,34,36,17,5,24,11,1.36,6.32,2.78,4.59,0,793.5,7312
Chase De Jong,Mariners,1,1,0,0,4.58,2,2,9,9,5,1,8,3,1.35,7.32,3.03,4.61,0.1,999,sa657960
Matt Cain,Giants,5,6,0,0,4.55,16,16,94,98,48,13,70,31,1.38,6.73,3,4.61,0.6,795.1,4732
Adalberto Mejia,Twins,2,2,0,0,4.72,6,6,37,41,20,6,30,12,1.41,7.15,2.91,4.61,0.3,851.6,13188
Brandon Workman,Red Sox,1,1,0,1,4.85,0,15,15,16,8,2,12,6,1.48,7.12,3.59,4.61,0,999,11428
Daniel Wright,Angels,1,1,0,0,4.65,2,2,9,10,5,1,6,3,1.36,6.08,2.49,4.61,0.1,999,15179
Marco Estrada,Blue Jays,10,9,0,0,4.32,28,28,168,157,81,26,131,53,1.25,7.01,2.86,4.62,1.9,202.4,1118
Matt Boyd,Tigers,7,7,0,0,4.57,21,21,122,127,62,19,100,39,1.36,7.35,2.89,4.62,1.3,403.3,15440
Tanner Scheppers,Rangers,0,0,0,1,4.53,0,10,10,10,5,1,9,5,1.45,7.66,4.13,4.62,0,999,10267
Keynan Middleton,Angels,0,1,0,1,4.5,0,15,15,14,7,2,14,7,1.44,8.6,4.38,4.62,0,999,sa737638
Jesse Hahn,Athletics,5,6,0,0,4.76,16,16,93,101,49,11,63,38,1.49,6.11,3.68,4.62,0.6,782,13287
Yovani Gallardo,Mariners,7,9,0,0,4.63,23,23,129,138,66,17,93,52,1.47,6.47,3.61,4.63,0.9,591.1,8173
Jose Leclerc,Rangers,0,0,0,1,4.49,0,10,10,9,5,1,11,7,1.6,9.61,6.16,4.63,0,999,14524
Alex Wimmers,Twins,0,1,0,1,4.76,0,10,10,10,5,1,8,4,1.5,7.4,4.03,4.63,0,999,11394
Damien Magnifico,Brewers,1,1,0,1,4.54,0,10,10,10,5,1,9,5,1.5,7.91,4.58,4.64,0,999,13395
Aaron Blair,Braves,1,2,0,0,4.77,5,5,28,29,15,4,24,12,1.45,7.75,3.84,4.64,0.2,741.8,14934
Brad Peacock,Astros,3,4,0,6,4.65,6,41,73,71,38,11,68,30,1.4,8.42,3.75,4.64,0.2,809.3,5401
Vicente Campos,Angels,1,1,0,1,4.44,2,12,19,20,10,3,14,7,1.38,6.45,3.03,4.64,0.1,999,11681
Scott Feldman,Reds,8,9,0,0,4.65,24,24,143,155,74,20,96,42,1.38,6.07,2.64,4.65,1.2,846.1,6283
Jairo Diaz,Rockies,1,1,0,1,4.61,0,10,10,10,5,1,9,5,1.52,8.4,4.5,4.65,0,999,12774
Keyvius Sampson,,3,3,0,0,4.55,0,65,65,62,33,9,64,33,1.47,8.84,4.62,4.65,-0.1,999,10039
Rafael Montero,Mets,2,3,0,3,4.78,3,33,49,49,26,7,43,22,1.45,8.02,4.12,4.65,0.1,957.9,12760
Kevin McCarthy,Royals,1,1,0,1,4.64,0,15,15,16,8,2,11,6,1.45,6.39,3.53,4.65,0,999,15240
Andrew Cashner,Rangers,6,7,0,0,4.81,19,19,110,120,59,16,85,40,1.45,6.94,3.3,4.65,0.8,539.7,8782
Giovanni Soto,White Sox,0,0,0,1,4.53,0,10,10,10,5,1,9,6,1.53,8.52,5.06,4.65,0,999,10330
Jon Niese,,5,6,0,0,4.64,16,16,93,101,48,13,64,31,1.41,6.21,3.01,4.66,0.6,927.9,4424
Brandon Finnegan,Reds,10,12,0,0,4.42,29,29,171,164,84,26,157,74,1.38,8.24,3.87,4.66,1.4,303.5,16208
Antonio Senzatela,Rockies,1,1,0,1,4.77,0,10,10,11,5,1,8,3,1.44,6.82,2.91,4.66,0,999,sa657576
Colby Lewis,,9,10,0,0,4.71,28,28,166,184,87,26,115,42,1.36,6.24,2.3,4.66,1.3,632.8,1259
Adam Morgan,Phillies,1,2,0,1,4.84,3,13,29,31,15,5,23,8,1.34,7.16,2.47,4.67,0.2,930.3,12580
Jaime Schultz,Rays,0,1,0,0,4.52,2,2,9,8,5,1,10,6,1.51,9.4,5.46,4.67,0.1,999,sa708975
Doug Fister,,9,11,0,0,4.57,28,28,161,180,82,23,106,46,1.39,5.91,2.54,4.67,1.1,646.2,9425
A.J. Cole,Nationals,3,3,0,0,4.62,10,10,55,57,28,9,46,17,1.35,7.5,2.84,4.67,0.5,999,11467
Dietrich Enns,Yankees,2,2,0,3,4.49,0,30,30,30,15,4,27,14,1.47,8.04,4.33,4.67,0,999,sa579749
Dillon Overton,Mariners,0,1,0,0,4.74,2,2,9,10,5,1,7,3,1.36,6.47,2.49,4.68,0.1,999,15627
Dustin Molleken,Tigers,0,1,0,1,4.75,0,10,10,10,5,1,9,5,1.53,7.92,4.63,4.69,0,999,6200
Sam Moll,Rockies,1,0,0,1,4.57,0,10,10,11,5,1,8,4,1.5,7.34,3.64,4.69,0,999,sa709023
Raul Alcantara,Athletics,2,3,0,5,4.81,2,37,44,49,24,7,30,11,1.37,6.09,2.29,4.7,0,901.6,12790
Braden Shipley,Diamondbacks,5,6,0,0,4.77,16,16,93,103,49,13,65,30,1.43,6.27,2.92,4.71,0.5,795.9,15158
Roenis Elias,Red Sox,1,1,0,0,4.7,2,2,9,10,5,1,8,4,1.49,7.44,4.12,4.71,0.1,874.1,12673
Barrett Astin,Reds,0,1,0,1,4.73,0,10,10,10,5,2,8,4,1.37,7.63,3.27,4.72,0,999,sa621669
Chih-Wei Hu,Rays,0,1,0,0,4.7,2,2,9,10,5,1,6,3,1.41,6.27,3.07,4.72,0.1,999,sa739600
Mark Appel,Phillies,1,1,0,0,4.71,2,2,9,9,5,1,8,4,1.43,7.58,3.83,4.72,0.1,999,sa501726
Lucas Giolito,White Sox,3,4,0,0,4.71,11,11,64,66,34,10,59,28,1.46,8.27,3.95,4.72,0.5,314.3,15474
Chris Heston,Mariners,1,1,0,0,4.7,2,2,9,10,5,1,7,4,1.45,6.43,3.4,4.73,0,908.5,10302
Matt Garza,Brewers,9,12,0,0,4.97,29,29,166,184,92,24,118,56,1.45,6.43,3.05,4.73,1.5,851.3,3340
Christopher Smith,,0,0,0,0,5.1,0,20,20,21,11,3,18,9,1.52,8.28,4.16,4.74,0,999,sa454625
Christian Bethancourt,Padres,0,0,0,0,5.1,0,15,15,16,9,2,14,7,1.52,8.28,4.16,4.74,0,747.5,10028
Marcos Molina,,0,0,0,0,5.1,0,15,15,16,9,2,14,7,1.52,8.28,4.16,4.74,0,999,sa503994
Ryne Stanek,Rays,1,1,0,1,4.63,0,10,10,10,5,1,9,5,1.47,7.73,4.36,4.74,0,999,sa548245
Michael Ynoa,White Sox,2,2,1,9,4.64,0,45,45,44,23,6,42,25,1.52,8.48,4.92,4.74,-0.1,999,14093
Jimmy Cordero,Nationals,0,0,0,1,4.85,0,10,10,10,5,1,8,5,1.52,7.11,4.37,4.74,0,999,sa680023
Andrew Edwards,Royals,0,0,0,1,4.6,0,10,10,10,5,1,8,5,1.51,7.64,4.61,4.74,0,999,sa738219
Chase Anderson,Brewers,7,9,0,0,4.82,23,23,132,141,70,22,107,43,1.4,7.29,2.97,4.75,1,652.6,6895
Rookie Davis,Reds,1,2,0,1,4.73,0,25,25,27,13,4,19,8,1.38,6.81,2.85,4.76,0,999,sa599174
Richard Bleier,Orioles,1,2,0,3,4.73,0,30,30,36,16,4,14,6,1.37,4.32,1.69,4.76,-0.1,999,7803
Miguel Gonzalez,White Sox,8,9,0,0,4.77,24,24,140,151,74,22,107,44,1.39,6.88,2.86,4.76,1.2,516.3,7024
Hunter Wood,Rays,0,1,0,0,4.76,2,2,9,9,5,1,8,4,1.46,7.32,4.09,4.77,0,999,sa658913
Clay Holmes,Pirates,0,1,0,1,4.82,0,10,10,11,5,1,7,5,1.53,6.58,4.18,4.77,0,999,sa598167
Asher Wojciechowski,Marlins,0,1,0,1,4.85,0,10,10,11,5,1,8,4,1.45,6.95,3.4,4.77,0,999,10836
Chris Young,Royals,5,6,1,10,4.71,8,53,92,91,48,16,89,38,1.4,8.74,3.71,4.79,0.3,999,3196
Jarred Cosart,Padres,7,11,0,0,4.81,28,28,159,169,85,17,108,80,1.56,6.09,4.5,4.79,0.6,932.1,10304
Warwick Saupold,Tigers,1,1,0,1,4.92,0,10,10,11,5,1,7,4,1.51,6.44,3.66,4.81,0,999,13211
Eric Stults,,2,3,0,0,4.81,8,8,46,51,24,7,29,13,1.4,5.73,2.54,4.81,0.3,999,8011
Ross Detwiler,Athletics,1,1,0,1,4.98,2,12,19,22,11,3,13,7,1.51,5.96,3.48,4.81,0,999,2859
Miguel Almonte,Royals,5,5,0,8,4.69,6,46,78,79,40,10,65,39,1.51,7.6,4.5,4.81,0.1,999,14139
Kyle Kendrick,Red Sox,1,1,0,1,4.9,0,10,10,11,5,2,6,3,1.4,5.66,2.28,4.82,0,946.2,6230
Zach Eflin,Phillies,2,3,0,0,4.99,8,8,46,51,25,8,30,11,1.35,5.92,2.22,4.82,0.4,875.9,13774
Andrew Faulkner,Rangers,1,1,0,1,4.67,0,20,20,20,10,3,17,10,1.5,7.73,4.32,4.82,0,999,12982
Rayan Gonzalez,Rockies,1,1,0,1,4.88,0,10,10,11,5,1,8,5,1.59,7.49,4.77,4.82,0,999,sa455370
Brian Johnson,Red Sox,1,1,0,0,4.77,2,2,9,10,5,1,7,4,1.51,6.92,3.99,4.82,0,999,14272
Tyler Wilson,Orioles,5,5,0,0,4.97,15,15,83,95,46,13,55,22,1.4,5.89,2.42,4.83,0.7,999,12691
Derek Holland,White Sox,6,8,0,0,4.84,19,19,111,119,60,18,83,38,1.42,6.77,3.1,4.83,0.9,564.1,4141
Alfredo Simon,,3,4,0,0,4.9,0,65,65,70,35,9,45,23,1.44,6.29,3.2,4.84,-0.2,999,2155
Justin Masterson,,5,7,0,0,4.88,19,19,110,118,60,12,82,54,1.56,6.72,4.43,4.84,0.6,999,2038
Paul Clemens,Padres,4,6,0,0,4.79,13,13,75,78,40,11,60,32,1.47,7.22,3.89,4.85,0.4,968.7,8037
Craig Breslow,Twins,1,1,0,1,4.86,0,20,20,22,11,3,15,8,1.53,6.72,3.7,4.85,0,999,4363
Jordan Lyles,Rockies,2,2,0,0,5.02,6,6,38,43,21,5,25,15,1.55,5.92,3.65,4.86,0.3,999,7593
Matt Harrison,,1,1,0,0,4.77,3,3,18,20,10,2,11,7,1.51,5.59,3.59,4.86,0.1,999,5551
Fernando Romero,Twins,0,1,0,0,4.98,2,2,9,10,5,1,7,4,1.49,6.19,3.44,4.86,0.1,999,sa657418
Jake Esch,Marlins,0,1,0,0,4.85,2,2,9,10,5,1,6,4,1.47,5.66,3.42,4.87,0,999,12756
Lucas Harrell,,3,4,0,0,4.74,0,65,65,68,34,8,51,35,1.59,7.02,4.83,4.87,-0.3,999,7541
Kendry Flores,Marlins,0,1,0,0,4.9,2,2,9,10,5,1,7,3,1.45,6.55,3.4,4.87,0,999,12118
Nefi Ogando,Reds,0,1,0,1,4.61,0,15,15,14,8,2,12,8,1.49,7.34,4.74,4.88,0,999,12253
Paul Blackburn,Athletics,0,1,0,0,5.06,2,2,9,11,5,1,6,3,1.49,5.44,2.91,4.88,0,999,sa657872
Eddie Gamboa,Rangers,1,1,0,1,4.76,0,10,10,10,5,1,9,6,1.57,7.76,5.12,4.88,0,999,6911
Rob Whalen,Mariners,1,1,0,0,4.92,3,3,18,19,10,3,15,8,1.48,7.25,3.94,4.88,0.1,999,14165
Tim Lincecum,,4,6,0,0,5.05,13,13,75,81,42,11,58,32,1.5,6.96,3.83,4.89,0.3,999,5705
Jered Weaver,Padres,6,8,0,0,4.8,19,19,115,124,62,18,76,33,1.36,5.91,2.57,4.89,0.7,757.1,4235
Buck Farmer,Tigers,2,3,0,1,4.99,5,25,48,52,27,8,38,18,1.45,7.18,3.35,4.89,0.2,999,14814
Chris Narveson,Indians,1,1,0,1,4.76,0,20,20,21,11,3,16,7,1.43,7.35,3.34,4.9,0,999,2141
Jorge Lopez,Brewers,1,2,0,1,4.99,2,22,29,30,16,5,27,14,1.5,8.2,4.31,4.92,0,999,14527
Alec Asher,Phillies,1,2,0,0,4.92,5,5,28,31,15,5,19,7,1.35,6.12,2.17,4.94,0.1,675.6,13560
Pierce Johnson,Cubs,1,1,0,0,4.79,2,2,9,9,5,1,9,5,1.54,8.28,5.14,4.94,0,999,sa501771
Amir Garrett,Reds,0,1,0,0,4.77,2,2,9,9,5,1,8,5,1.51,7.87,4.7,4.94,0.1,999,sa599236
Mike Pelfrey,Tigers,3,4,0,0,5.04,11,11,66,79,37,8,33,22,1.54,4.58,3.05,4.95,0.4,999,5203
Dillon Gee,Rangers,3,3,0,0,5.01,8,8,46,53,26,8,30,14,1.44,5.92,2.64,4.95,0.3,999,7396
Joe Beimel,,3,3,0,0,4.72,0,65,65,73,34,8,38,26,1.52,5.29,3.64,4.95,-0.5,999,979
Jarlin Garcia,Marlins,0,1,0,0,4.94,2,2,9,10,5,1,6,3,1.46,5.87,3.24,4.96,0,999,sa597438
Jake Thompson,Phillies,3,5,0,0,4.88,11,11,63,67,34,10,47,24,1.45,6.65,3.46,4.96,0.3,999,14371
Edwin Jackson,,7,11,0,0,5.18,24,24,139,151,80,20,96,58,1.51,6.2,3.76,4.96,0.6,999,1841
Luis Cessa,Yankees,4,5,0,0,5.08,13,13,75,81,42,13,57,23,1.4,6.86,2.79,4.96,0.5,664.9,13345
Jason Motte,Rockies,2,1,0,5,4.95,0,35,35,38,19,6,28,12,1.44,7.23,3.03,4.97,-0.1,999,5861
Aaron Harang,,7,10,0,0,5.05,24,24,145,161,81,23,97,47,1.43,6.02,2.9,4.98,0.6,999,1451
Mason Melotakis,Twins,0,1,0,1,4.97,0,10,10,11,6,1,8,5,1.54,7.58,4.33,4.99,0,999,sa621016
Eddie Butler,Cubs,3,3,0,0,4.93,8,8,46,51,25,6,27,17,1.48,5.35,3.39,4.99,0.1,879.9,13453
Gonzalez Germen,Rockies,1,1,0,1,4.99,0,15,15,16,8,2,13,8,1.57,7.9,4.81,5,0,999,5876
Taylor Jungmann,Brewers,0,1,0,0,5.13,2,2,9,9,5,1,8,5,1.56,7.79,4.81,5.01,0.1,942.1,13119
James Shields,White Sox,8,11,0,0,5.02,28,28,164,176,91,28,133,63,1.46,7.32,3.47,5.01,0.9,416.5,7059
Chi Chi Gonzalez,Rangers,1,1,0,0,5.1,2,2,9,11,5,1,6,4,1.55,5.48,3.64,5.01,0.1,999,14663
Jesus Liranzo,Orioles,0,0,0,1,4.8,0,10,10,10,5,2,10,6,1.51,8.79,5.05,5.02,0,999,sa658076
Chris Flexen,Mets,1,1,0,1,4.99,0,10,10,11,6,1,7,5,1.54,6.34,4.33,5.02,0,999,sa658306
A.J. Griffin,Rangers,4,5,0,0,4.91,15,15,82,85,45,15,70,28,1.38,7.59,3.05,5.02,0.6,688,11132
Tim Adleman,Reds,2,3,0,0,4.9,6,6,37,39,20,6,27,12,1.39,6.62,2.96,5.03,0.1,764.8,10968
Casey Lawrence,Blue Jays,3,3,0,0,5.2,8,8,47,55,27,8,26,12,1.45,5.08,2.35,5.04,0.2,999,sa549433
Hector Santiago,Twins,10,12,0,0,4.92,31,31,177,184,97,29,146,77,1.47,7.4,3.91,5.05,1.1,499.1,4026
Nick Travieso,Reds,1,1,0,1,4.94,2,12,19,20,11,3,14,8,1.47,6.65,3.86,5.05,0,999,sa657906
Connor Sadzeck,Rangers,1,2,0,1,4.98,2,17,24,26,14,3,18,13,1.6,6.8,4.68,5.06,0,999,sa550247
Shane Carle,Rockies,1,1,0,0,5.26,2,2,9,11,5,2,6,3,1.49,5.58,2.57,5.07,0.1,999,sa737893
Gerardo Concepcion,,3,3,0,0,4.98,0,65,65,66,36,8,52,37,1.58,7.21,5.09,5.07,-0.1,999,14411
Chris Beck,White Sox,4,6,0,3,5.17,10,40,86,97,50,12,59,37,1.55,6.13,3.83,5.08,0.2,999,13418
Luis Ysla,Red Sox,1,1,0,1,4.93,0,10,10,10,5,1,9,6,1.6,7.71,5.08,5.08,0,999,sa739569
Jayson Aquino,Orioles,1,1,0,1,5.09,0,10,10,11,6,2,6,3,1.46,5.49,2.82,5.08,0,999,13150
Taylor Guerrieri,Rays,3,5,0,0,5,11,11,65,72,36,10,39,24,1.47,5.45,3.31,5.09,0.1,999,sa597787
Austin Brice,Reds,1,1,0,0,5.02,3,3,19,19,10,3,16,9,1.5,7.68,4.36,5.1,0.1,999,17237
Bryan Mitchell,Yankees,6,8,0,1,5.21,18,28,113,120,66,18,90,53,1.53,7.17,4.23,5.1,0.5,725.1,11479
Nick Martinez,Rangers,1,1,0,0,5.04,3,3,18,21,10,3,11,6,1.49,5.51,3.09,5.11,0.1,999,12730
Mike Wright,Orioles,4,5,0,0,5.2,13,13,73,82,42,12,50,23,1.44,6.09,2.85,5.12,0.4,999,12586
Logan Verrett,Orioles,1,2,0,0,5.24,5,5,28,31,16,5,19,10,1.49,6.13,3.3,5.14,0.1,908.7,12905
Henry Owens,Red Sox,1,1,0,0,4.98,2,2,9,9,5,1,8,5,1.59,8.05,5.36,5.15,0,999,13143
Kyle Lohse,,6,9,0,0,5.52,21,21,122,143,75,21,75,36,1.47,5.55,2.69,5.18,0.3,999,739
Tyrell Jenkins,Padres,0,1,0,0,5.1,2,2,9,10,5,1,6,5,1.59,5.81,4.45,5.18,0,888.7,11378
Jerome Williams,,4,7,0,0,5.39,16,16,92,107,55,15,54,29,1.48,5.23,2.8,5.19,0.1,999,1137
Brad Goldberg,White Sox,0,1,0,1,5.2,0,10,10,10,6,1,9,6,1.62,7.8,5.34,5.19,0,999,sa579754
Thyago Vieira,Mariners,0,1,0,1,5.11,0,10,10,10,6,1,8,6,1.63,7.09,5.35,5.19,0,883.3,sa596366
Randy Rosario,Twins,1,2,0,0,5.35,3,3,19,21,11,3,12,9,1.62,5.68,4.26,5.21,0,999,sa597117
Miguel Diaz,Padres,1,2,0,3,5.28,2,32,39,42,23,6,30,19,1.56,6.79,4.43,5.22,-0.2,999,sa657924
Matt Purke,White Sox,1,1,0,1,5.2,0,20,20,21,12,3,16,11,1.63,7.37,5.07,5.23,-0.1,999,12831
Tyler Wagner,Rangers,1,1,0,0,5.19,2,2,9,11,5,1,6,4,1.54,5.86,3.54,5.23,0,994.1,13796
Tyler Danish,White Sox,1,2,0,1,5.41,3,13,29,34,17,4,18,11,1.56,5.6,3.52,5.23,0,999,15126
Ronald Herrera,Yankees,1,1,0,0,5.36,3,3,19,21,11,3,13,7,1.48,6.43,3.22,5.23,0.1,999,sa657806
Taylor Williams,Brewers,0,1,0,1,5.36,0,10,10,11,6,2,8,4,1.48,7.33,3.45,5.24,0,999,sa737785
Robert Stephenson,Reds,7,11,0,0,5.07,23,23,128,122,72,21,128,79,1.56,8.94,5.53,5.25,0.6,645.1,13594
Max Fried,Braves,0,1,0,0,5.09,2,2,9,10,5,1,7,6,1.67,6.75,5.59,5.3,0,936.2,sa657860
Ryan Vogelsong,Twins,3,4,0,1,5.51,8,18,57,65,35,10,40,24,1.56,6.27,3.77,5.31,0.1,999,1011
Keury Mella,Reds,0,1,0,0,5.27,2,2,9,10,5,1,7,4,1.55,6.37,4.15,5.32,0,999,sa657486
Yency Almonte,Rockies,2,2,0,0,5.41,5,5,28,33,17,5,20,11,1.57,6.39,3.69,5.32,0.1,999,sa658334
Jason Garcia,Orioles,1,1,0,1,5.29,0,20,20,22,12,3,12,10,1.61,5.61,4.43,5.33,-0.1,999,12143
Ernesto Frieri,Yankees,1,1,0,1,5.18,0,25,25,25,14,5,23,11,1.45,8.23,4.1,5.34,-0.1,999,5178
Chris Lee,Orioles,1,1,0,1,5.34,0,15,15,17,9,2,8,7,1.6,5.09,4.1,5.35,0,999,sa550044
Carson Fulmer,White Sox,2,3,0,1,5.49,3,18,34,35,21,5,31,20,1.62,8.3,5.35,5.36,0,603.3,18311
Domingo German,Yankees,0,1,0,1,5.38,0,10,10,11,6,2,7,4,1.5,6.54,3.4,5.37,0,999,sa548637
Bronson Arroyo,Reds,7,11,0,0,5.34,21,21,126,147,75,25,70,31,1.41,5.02,2.2,5.44,0.1,915.7,978
Ricardo Pinto,Phillies,0,1,0,0,5.57,2,2,9,11,6,2,6,4,1.51,5.93,3.47,5.5,0,999,sa656014
Ryan Borucki,Blue Jays,1,1,0,0,5.6,2,2,9,11,6,2,6,4,1.58,5.76,3.81,5.54,0,999,sa658266
Conner Greene,Blue Jays,1,2,0,0,5.77,3,3,19,21,12,3,12,10,1.65,5.82,4.59,5.63,0,999,sa737829
Parker Bridwell,Orioles,0,1,0,0,5.87,2,2,9,10,6,2,7,5,1.63,6.83,4.65,5.68,0,999,11502
Zach Jemiola,Rockies,0,1,0,0,5.93,2,2,9,11,6,2,5,3,1.62,5.03,3.3,5.77,0,999,sa658131
Alberto Tirado,Phillies,1,2,0,1,5.68,0,25,25,23,16,4,27,23,1.85,9.63,8.33,5.85,-0.1,999,sa659315
Yefrey Ramirez,Yankees,0,1,0,0,6.01,2,2,9,11,6,2,7,4,1.55,6.83,3.7,5.86,0,999,sa597051
Jose Alvarado,Rays,0,1,0,1,5.46,0,10,10,10,6,1,9,9,1.88,8,8.37,5.89,-0.1,999,sa656049
Ariel Hernandez,Reds,0,1,0,1,5.57,0,10,10,9,6,1,10,9,1.87,8.69,8.33,5.96,-0.1,999,sa507017
Sandy Baez,Tigers,0,1,0,0,6.31,2,2,9,11,7,2,5,4,1.68,4.8,4.02,6.1,-0.1,999,sa657709
Tyler Matzek,Rockies,1,2,0,0,5.96,5,5,28,28,18,4,25,29,2.07,8.21,9.49,6.65,-0.2,999,10058
