Name,Team,G,PA,AB,H,2B,3B,HR,R,RBI,BB,SO,HBP,SB,CS,AVG,OBP,SLG,OPS,wOBA,Fld,BsR,WAR,ADP,playerid
Mike Trout,Angels,157,658,540,161,31,5,34,108,102,102,142,9,22,7,0.298,0.415,0.563,0.977,0.409,0.2,3.8,8.2,1.2,10155
Bryce Harper,Nationals,150,630,510,144,28,2,31,94,93,109,123,4,15,9,0.283,0.409,0.526,0.935,0.392,2.5,0.5,5.2,11.1,11579
Joey Votto,Reds,152,637,513,149,30,2,23,87,79,113,122,5,7,3,0.29,0.419,0.49,0.909,0.387,0.9,-1.4,4.1,22.6,4314
Miguel Cabrera,Tigers,153,644,561,172,32,1,30,88,100,73,114,4,1,0,0.306,0.386,0.531,0.917,0.384,0.2,-3.3,4.1,15.9,1744
Anthony Rizzo,Cubs,152,637,541,151,33,3,32,91,101,75,106,17,7,5,0.28,0.382,0.526,0.908,0.384,5.9,-0.8,4.7,11.8,3473
Paul Goldschmidt,Diamondbacks,157,658,544,157,34,2,27,92,93,103,144,4,20,7,0.288,0.402,0.509,0.911,0.383,4.1,1.6,4.4,6.1,9218
Josh Donaldson,Blue Jays,150,630,537,148,30,3,32,94,96,80,120,7,5,2,0.275,0.373,0.52,0.893,0.378,6.6,0.2,6.1,10.4,5038
Giancarlo Stanton,Marlins,133,560,482,126,24,2,36,79,96,70,162,4,4,2,0.261,0.357,0.546,0.903,0.376,1.8,-0.1,3.9,37.2,4949
Kris Bryant,Cubs,150,630,541,149,29,3,31,95,97,72,161,12,10,4,0.275,0.37,0.512,0.882,0.375,4.1,2.4,5.6,4.7,15429
Nolan Arenado,Rockies,157,658,597,174,38,5,37,90,110,50,99,4,3,3,0.291,0.346,0.554,0.9,0.374,9.6,-0.9,4.6,5.2,9777
Mookie Betts,Red Sox,150,630,571,176,38,5,23,91,88,50,73,2,22,7,0.308,0.364,0.51,0.874,0.372,11.7,3.8,5.4,3.3,13611
Freddie Freeman,Braves,158,665,565,157,34,3,27,92,90,87,152,9,4,2,0.278,0.38,0.495,0.874,0.37,3.1,-0.1,3.8,28.6,5361
Jose Bautista,Blue Jays,142,595,494,124,25,1,31,83,93,90,112,5,4,2,0.25,0.369,0.492,0.861,0.368,-3.9,-1.3,3,98.6,1887
Manny Machado,Orioles,150,630,569,166,32,1,32,90,91,52,104,3,7,4,0.291,0.352,0.521,0.872,0.368,12.1,-0.3,5.9,8.2,11493
Edwin Encarnacion,Indians,150,630,542,141,28,1,34,85,105,76,115,6,2,1,0.259,0.353,0.5,0.854,0.362,-0.2,-0.9,2.8,24.1,2151
Andrew McCutchen,Pirates,150,630,540,151,30,3,23,82,83,77,126,8,10,5,0.28,0.375,0.474,0.848,0.362,-0.2,0,3.6,62.2,9847
Carlos Gonzalez,Rockies,150,630,574,163,34,3,31,82,98,50,140,2,6,2,0.285,0.342,0.517,0.859,0.361,-0.6,0.2,1.9,57,7287
Kyle Schwarber,Cubs,130,544,470,119,19,3,30,84,83,63,147,5,5,3,0.254,0.345,0.497,0.842,0.358,-3.7,0.5,2.5,75.4,16478
Carlos Correa,Astros,153,644,566,158,35,3,24,83,98,68,123,4,17,6,0.279,0.358,0.479,0.838,0.357,-1.2,1.7,5.1,16.9,14162
J.D. Martinez,Tigers,148,623,562,157,33,3,30,81,90,50,161,5,4,2,0.279,0.341,0.505,0.846,0.357,-7,-1.3,2.4,50,6184
Carlos Santana,Indians,158,665,553,139,29,2,27,86,86,103,116,3,6,3,0.251,0.368,0.458,0.826,0.357,-0.1,-1,2.7,113.1,2396
Hanley Ramirez,Red Sox,142,595,528,148,31,1,24,74,93,56,112,6,9,4,0.281,0.355,0.479,0.834,0.356,-0.8,-0.8,1.9,75.8,8001
Jose Altuve,Astros,153,644,586,185,36,4,16,89,75,43,61,6,31,10,0.316,0.366,0.469,0.835,0.355,-2.9,0.6,4.3,4.4,5417
Nelson Cruz,Mariners,150,630,565,150,25,1,37,83,100,53,158,6,3,2,0.266,0.334,0.508,0.842,0.354,-0.1,-2.4,2.4,38.6,2434
Charlie Blackmon,Rockies,147,616,558,163,30,5,22,83,65,39,99,11,23,10,0.293,0.349,0.481,0.83,0.354,-5.7,1.2,2,16.6,7859
Eric Thames,Brewers,136,570,504,131,27,3,30,78,88,52,149,8,12,5,0.259,0.336,0.504,0.84,0.353,-2.4,0,1.8,208,3711
Steve Pearce,Blue Jays,93,392,347,92,20,1,18,49,54,37,80,5,2,2,0.265,0.342,0.483,0.826,0.352,0.4,-0.5,1.9,402.3,9957
Matt Carpenter,Cardinals,150,630,533,142,35,4,18,87,69,83,126,6,3,3,0.266,0.368,0.449,0.816,0.352,2.7,-0.3,2.7,65.8,8090
Jose Abreu,White Sox,150,630,569,162,30,2,27,77,93,44,122,12,1,1,0.285,0.346,0.487,0.833,0.352,-3,-1.6,2.1,53.3,15676
Daniel Murphy,Nationals,147,616,569,176,41,4,16,81,85,36,64,5,8,3,0.31,0.353,0.48,0.834,0.352,-8.4,0.8,2.8,42.3,4316
Yasiel Puig,Dodgers,126,531,476,133,25,4,19,67,72,44,107,7,7,5,0.28,0.347,0.473,0.82,0.351,1.8,-0.5,2.8,213,14225
Buster Posey,Giants,135,569,506,150,29,2,16,70,77,54,60,3,3,2,0.297,0.365,0.459,0.823,0.351,6.3,-1.6,4.8,45,9166
George Springer,Astros,150,630,540,138,24,3,27,93,79,74,163,10,13,6,0.255,0.353,0.462,0.815,0.351,-0.1,1,4.1,33.3,12856
Christian Yelich,Marlins,150,630,554,159,34,3,16,81,71,68,129,3,13,5,0.287,0.366,0.445,0.811,0.35,1.1,1.3,4,59.4,11477
Ryan Braun,Brewers,139,585,527,148,27,3,25,78,86,49,110,4,14,6,0.281,0.345,0.484,0.829,0.35,-2.8,-0.9,2,47.5,3410
Chris Davis,Orioles,148,623,536,126,23,0,38,87,99,75,206,7,2,2,0.235,0.334,0.492,0.826,0.35,3,0.4,2.7,75.2,9272
Brandon Belt,Giants,143,602,516,136,33,5,18,74,70,77,146,5,4,3,0.263,0.361,0.449,0.811,0.349,5.8,-0.6,3,171.2,10264
Trevor Story,Rockies,150,630,566,148,33,6,29,79,91,51,179,6,16,6,0.261,0.327,0.495,0.822,0.347,-1.7,1.3,2.6,34.4,12564
Pedro Alvarez,Orioles,68,287,256,63,12,0,18,37,46,28,79,1,2,1,0.248,0.323,0.502,0.824,0.346,0,0.1,1,539.6,2495
Shin-Soo Choo,Rangers,142,595,504,131,25,2,19,78,62,71,140,14,8,6,0.26,0.364,0.428,0.792,0.346,-0.5,-0.5,1.5,311.5,3174
Justin Upton,Tigers,150,630,558,144,28,2,29,83,92,62,166,5,11,5,0.259,0.335,0.475,0.81,0.345,-2.6,1.1,2.5,88.9,5222
Justin Turner,Dodgers,133,560,501,140,31,2,18,69,75,43,98,9,4,2,0.278,0.344,0.46,0.804,0.345,4.5,-0.4,3.8,115.1,5235
Adrian Beltre,Rangers,150,630,576,165,30,2,23,79,92,45,71,5,1,1,0.287,0.341,0.468,0.809,0.344,7.5,-0.9,4,88.5,639
Gary Sanchez,Yankees,124,521,473,124,24,1,27,69,83,39,112,4,5,2,0.262,0.321,0.491,0.812,0.344,0.1,0.1,3.4,50.6,11442
Robinson Cano,Mariners,150,630,575,165,30,2,23,80,88,45,90,6,3,2,0.288,0.343,0.469,0.812,0.344,-0.9,-2.1,3.6,30.9,3269
Lucas Duda,Mets,129,540,462,112,23,0,26,68,80,64,132,9,2,1,0.242,0.343,0.465,0.807,0.344,0.7,-0.2,2,326.8,2502
Hyun Soo Kim,Orioles,100,420,372,107,17,1,12,50,41,40,61,4,4,3,0.288,0.361,0.432,0.793,0.344,-5.4,-0.4,1.1,391.8,18718
Corey Seager,Dodgers,152,637,582,164,37,4,22,85,86,44,110,5,4,2,0.283,0.335,0.471,0.806,0.342,2.8,1.1,4.5,20.4,13624
Michael Brantley,Indians,125,525,470,137,32,1,12,64,75,46,52,4,12,3,0.292,0.356,0.442,0.798,0.342,-1.8,1.4,2,193.8,4106
Ian Desmond,Rockies,117,491,448,126,23,2,18,64,71,35,120,4,14,5,0.28,0.335,0.465,0.8,0.342,5.4,1.3,1.2,135.4,6885
Anthony Rendon,Nationals,145,609,537,146,34,3,18,81,73,59,109,6,10,5,0.273,0.348,0.447,0.795,0.342,5.7,0.6,3.7,92.9,12861
Jung Ho Kang,Pirates,137,574,508,132,27,2,23,70,80,47,136,15,4,3,0.26,0.338,0.459,0.796,0.342,-1,-0.6,3.1,257.3,17182
Kyle Seager,Mariners,153,644,573,152,31,2,26,81,89,60,106,7,5,3,0.266,0.34,0.463,0.804,0.342,2.5,-0.8,4,61.6,9785
Joc Pederson,Dodgers,137,574,482,113,22,1,26,72,74,81,162,6,9,5,0.233,0.348,0.446,0.793,0.342,0,0,3.3,210.7,11899
Matt Holliday,Yankees,117,490,430,111,22,1,20,57,73,47,94,9,2,1,0.258,0.341,0.456,0.797,0.342,0,-1.4,1.2,273.2,1873
Ben Zobrist,Cubs,147,616,529,142,32,3,15,81,67,76,81,3,6,4,0.268,0.361,0.428,0.789,0.341,-1.8,-0.7,2.6,149.5,7435
Miguel Sano,Twins,142,595,519,124,26,2,30,75,86,69,200,3,3,1,0.238,0.329,0.472,0.801,0.341,-2.9,-0.9,2.6,118.1,12164
A.J. Pollock,Diamondbacks,150,630,571,162,35,6,16,85,63,49,93,3,26,8,0.284,0.342,0.451,0.793,0.341,6.6,2,3.7,36.9,9256
Xander Bogaerts,Red Sox,150,630,572,167,33,2,16,81,77,46,106,5,9,4,0.292,0.348,0.44,0.788,0.34,-2.3,1.4,3.5,33.5,12161
Kendrys Morales,Blue Jays,125,525,474,126,25,1,23,63,83,42,106,5,0,0,0.266,0.33,0.47,0.799,0.34,0,-2.8,1,158.2,8610
Mark Trumbo,Orioles,142,595,544,139,24,2,34,78,98,45,149,2,2,1,0.255,0.312,0.493,0.805,0.34,-1.6,-1.1,1.4,79.7,6876
Francisco Lindor,Indians,150,630,564,166,29,4,15,79,74,50,85,3,17,7,0.294,0.35,0.442,0.792,0.34,12.5,-0.1,5.1,31,12916
David Peralta,Diamondbacks,133,560,509,142,27,9,16,64,68,40,113,5,7,3,0.28,0.335,0.464,0.799,0.34,-1.5,0.5,1.5,269.7,2136
Yoenis Cespedes,Mets,133,560,511,135,27,3,27,74,85,39,119,5,4,3,0.265,0.32,0.49,0.81,0.34,5.4,0.5,2.9,53,13110
DJ LeMahieu,Rockies,153,644,577,176,28,6,9,80,60,54,98,3,16,7,0.304,0.364,0.421,0.784,0.34,2.3,0.1,2,92,9874
Rougned Odor,Rangers,150,630,588,162,31,6,28,83,91,26,113,8,12,8,0.275,0.313,0.491,0.804,0.34,-6.2,0.6,2.5,42.8,12282
Brian Dozier,Twins,150,630,555,139,30,3,28,88,78,61,126,7,13,5,0.251,0.33,0.468,0.797,0.339,-1.3,1.9,3.3,35.1,9810
David Dahl,Rockies,113,476,439,122,23,4,17,56,61,31,119,2,14,7,0.278,0.327,0.469,0.796,0.339,3.1,0.6,1,99.8,13744
Yasmani Grandal,Dodgers,107,448,379,88,16,1,20,52,63,62,112,2,2,1,0.233,0.343,0.441,0.784,0.339,-1,-1.7,2.9,158.4,11368
Chris Carter,Yankees,75,315,272,60,12,1,19,41,50,36,103,3,2,1,0.222,0.317,0.483,0.8,0.339,-1.1,-0.5,0.7,253.2,9911
Gregory Bird,Yankees,108,455,402,100,22,1,21,58,66,43,114,4,2,1,0.249,0.326,0.469,0.795,0.339,-0.5,-0.1,1.3,237.2,14131
Mark Reynolds,Rockies,54,225,198,50,10,1,10,26,29,23,59,2,1,1,0.252,0.334,0.457,0.791,0.339,0.1,-0.5,0.1,603.6,7619
Trea Turner,Nationals,150,630,578,169,29,9,15,85,68,42,129,2,38,12,0.292,0.339,0.452,0.791,0.339,1.3,3.4,3.9,14,16252
Seth Smith,Orioles,105,441,383,98,21,2,15,58,56,48,90,5,1,0,0.256,0.345,0.44,0.785,0.339,-0.8,-0.7,1.3,432.4,7331
Wil Myers,Padres,142,595,527,136,26,3,24,80,78,60,141,3,19,7,0.258,0.335,0.453,0.788,0.338,5.7,1.7,2.6,51.6,10047
Domingo Santana,Brewers,137,574,500,124,25,2,23,70,73,64,176,5,6,4,0.248,0.337,0.444,0.781,0.337,-5.3,0,1.2,277.3,10348
Jonathan Lucroy,Rangers,122,512,460,128,26,3,14,60,64,46,80,2,3,1,0.278,0.345,0.439,0.784,0.337,2.8,-1.4,3.4,62.6,7870
Adam Eaton,Nationals,142,595,529,152,27,8,9,80,53,49,95,10,13,7,0.287,0.357,0.417,0.773,0.337,-3.8,1.4,2.5,126.1,11205
Starling Marte,Pirates,133,560,512,146,30,4,14,72,61,28,118,15,34,13,0.285,0.339,0.442,0.781,0.336,2.4,2.3,3.2,24.6,9241
Eric Hosmer,Royals,153,644,581,161,31,2,21,78,88,55,118,3,6,3,0.277,0.34,0.444,0.784,0.335,-1.1,-0.9,1.4,103.7,3516
Andrew Benintendi,Red Sox,133,560,506,142,33,7,12,67,68,43,81,4,14,8,0.28,0.339,0.443,0.782,0.335,2.3,-0.4,1.9,116,17901
Michael Conforto,Mets,67,280,250,64,14,1,11,35,38,25,60,3,2,1,0.255,0.327,0.458,0.785,0.335,0.9,0.1,1.3,305.4,16376
Mike Napoli,Rangers,132,553,474,111,20,1,25,66,75,70,156,4,3,2,0.234,0.336,0.439,0.775,0.335,1.8,-1.9,1.2,217.7,3057
Dexter Fowler,Cardinals,142,595,505,130,25,6,12,79,48,76,129,7,13,6,0.257,0.36,0.4,0.76,0.334,-7.6,1.5,2.2,165.8,4062
Maikel Franco,Phillies,147,616,565,153,31,2,26,76,91,41,102,5,2,1,0.271,0.323,0.467,0.79,0.334,-3.8,-0.1,2.4,127.2,12179
Evan Longoria,Rays,150,630,573,152,32,3,27,76,85,46,134,4,2,2,0.265,0.321,0.473,0.794,0.334,2.2,-0.6,3.5,96.2,9368
Hunter Pence,Giants,142,595,540,146,28,3,20,75,79,48,123,3,5,2,0.271,0.332,0.446,0.778,0.334,0.9,0.1,2.2,196,8252
Tommy Joseph,Phillies,142,595,549,143,27,0,31,77,90,31,119,7,2,2,0.261,0.306,0.483,0.788,0.334,-2.1,-0.8,1.1,217,10349
Josh Bell,Pirates,119,500,440,121,22,4,12,60,58,51,74,3,4,4,0.275,0.351,0.426,0.777,0.334,-2.2,-0.9,1.2,262.9,13145
Dustin Pedroia,Red Sox,133,560,503,146,29,1,10,69,55,49,64,2,6,4,0.29,0.352,0.412,0.765,0.333,7.2,-1.4,3,135.8,8370
Jackie Bradley Jr.,Red Sox,133,560,495,128,30,5,17,69,70,52,132,7,7,3,0.258,0.335,0.441,0.776,0.333,5.2,0.6,3,136.2,12984
Josh Reddick,Astros,112,469,424,113,20,3,17,58,60,41,69,1,6,3,0.267,0.331,0.448,0.779,0.333,2.7,1,2.1,301.2,3892
Stephen Piscotty,Cardinals,142,595,536,145,33,3,17,70,74,47,113,7,7,5,0.271,0.336,0.436,0.771,0.333,3,-1.4,2,122.3,13367
Brandon Guyer,Indians,92,385,337,91,21,2,8,46,39,23,66,20,6,2,0.269,0.349,0.408,0.758,0.333,0,0.1,1.3,674,2636
Aledmys Diaz,Cardinals,142,595,537,148,33,3,17,75,70,42,93,7,8,5,0.275,0.333,0.447,0.78,0.333,-5.1,-0.9,2.5,133.3,15937
Alex Bregman,Astros,145,609,551,147,30,5,20,81,80,48,91,5,9,5,0.267,0.329,0.448,0.776,0.333,1.2,0,3.2,81.8,17678
Khris Davis,Athletics,145,609,550,135,27,2,31,79,92,46,156,7,4,2,0.245,0.309,0.472,0.781,0.332,-2.3,-1,1.8,95.7,9112
Albert Pujols,Angels,145,609,557,147,23,0,29,75,103,44,74,4,3,1,0.264,0.32,0.464,0.784,0.331,0,-3.4,1.1,139.7,1177
Willson Contreras,Cubs,117,490,439,117,23,3,14,56,60,40,96,6,5,4,0.267,0.336,0.43,0.765,0.331,-0.8,-0.7,2.5,98.1,11609
Neil Walker,Mets,137,574,513,134,23,2,22,69,72,48,105,6,3,2,0.262,0.331,0.442,0.773,0.331,-2.2,0.1,2.4,240.8,7539
Jason Kipnis,Indians,133,560,496,134,30,3,14,71,60,51,110,5,13,5,0.27,0.341,0.425,0.766,0.331,-0.7,1.3,2.6,140.2,9776
John Jaso,Pirates,67,280,245,65,15,1,6,31,29,29,49,3,2,2,0.264,0.348,0.408,0.756,0.331,-0.7,-1.3,0.7,666.4,5887
Jake Lamb,Diamondbacks,142,595,527,132,28,6,21,70,75,59,157,4,5,2,0.25,0.327,0.449,0.775,0.331,-2.1,1,2,145.6,13329
Justin Bour,Marlins,117,490,438,116,21,1,19,54,67,47,92,2,1,0,0.264,0.336,0.444,0.78,0.331,-0.9,-1,0.8,300.4,9744
Byung-ho Park,Twins,92,385,343,84,15,1,19,48,51,32,116,6,3,1,0.243,0.316,0.458,0.774,0.33,0.4,0.1,0.7,506.1,18497
Michael Saunders,Phillies,132,555,484,119,25,3,20,66,64,62,144,3,4,3,0.245,0.332,0.435,0.767,0.33,-1.7,0.2,1.4,355.9,9981
Troy Tulowitzki,Blue Jays,133,560,501,130,25,0,22,66,76,48,113,6,1,0,0.259,0.328,0.442,0.77,0.33,2.9,-1,3.1,137.1,3531
Carlos Beltran,Astros,140,588,542,146,32,0,23,69,84,38,106,3,1,0,0.27,0.319,0.456,0.776,0.33,-0.1,-1.8,1.1,207.4,589
Adam Lind,Nationals,66,278,250,67,14,1,9,32,38,25,50,1,0,0,0.269,0.335,0.436,0.772,0.33,-0.7,-1,0.5,535.3,8027
Aaron Judge,Yankees,100,420,373,89,16,1,21,54,61,38,132,4,4,1,0.238,0.312,0.46,0.772,0.329,1,0.2,1.4,311.5,15640
Jose Ramirez,Indians,152,637,577,165,37,3,11,77,68,47,65,3,23,10,0.286,0.341,0.42,0.761,0.329,4.5,2.3,3.4,111.8,13510
Mike Moustakas,Royals,140,588,532,139,30,2,22,67,69,42,84,7,2,2,0.261,0.321,0.448,0.769,0.329,2.3,-1.1,2.6,216.7,4892
Marcell Ozuna,Marlins,148,623,571,154,29,4,21,73,81,44,132,3,3,2,0.269,0.322,0.447,0.769,0.329,1.4,0.2,1.9,180.3,10324
Kole Calhoun,Angels,153,644,578,152,30,4,21,84,77,54,129,5,4,2,0.262,0.328,0.433,0.762,0.329,4.9,0.8,2.9,174.2,11200
Logan Forsythe,Dodgers,137,574,512,134,27,3,18,72,61,46,112,9,8,5,0.262,0.332,0.429,0.76,0.329,-1.4,-0.6,2.4,217.9,7185
Devon Travis,Blue Jays,100,420,388,108,24,1,12,53,49,25,78,2,5,2,0.279,0.324,0.441,0.765,0.329,0,0.6,1.9,211.9,13862
Adrian Gonzalez,Dodgers,142,595,534,142,28,0,21,68,88,52,110,4,1,1,0.266,0.333,0.439,0.772,0.328,3.6,-2.3,1.5,156,1908
Evan Gattis,Astros,78,329,301,75,13,2,18,40,51,21,75,3,1,1,0.248,0.303,0.479,0.782,0.328,-1.5,-0.6,1.4,137.7,11003
Curtis Granderson,Mets,142,595,513,121,24,3,23,79,63,69,129,7,6,3,0.237,0.333,0.428,0.761,0.328,-8.1,0.6,1.7,252.9,4747
Jesse Winker,Reds,7,28,24,7,1,0,1,3,3,3,5,0,0,0,0.268,0.352,0.403,0.755,0.327,0.1,0,0.1,999,sa657865
Nomar Mazara,Rangers,142,595,539,146,18,4,21,66,73,43,114,6,1,2,0.27,0.327,0.434,0.762,0.327,1.6,-0.9,1.5,192.7,14553
Kennys Vargas,Twins,83,350,308,75,14,1,15,42,45,37,95,2,0,0,0.242,0.325,0.438,0.762,0.327,-0.2,-0.2,0.5,427.5,12101
Yulieski Gurriel,Astros,132,553,499,132,32,1,19,69,73,40,98,6,4,2,0.265,0.326,0.445,0.771,0.327,2.3,-0.5,1.6,275.4,19198
Yasmany Tomas,Diamondbacks,112,470,441,118,24,2,20,53,63,24,111,2,3,3,0.268,0.308,0.463,0.77,0.327,-7.6,-1.4,-0.1,163.9,17171
Matt Kemp,Braves,150,630,578,154,34,2,24,76,91,42,148,3,5,2,0.266,0.315,0.455,0.77,0.326,-13.1,-0.8,0.1,96.9,5631
Nick Castellanos,Tigers,125,525,480,128,27,4,17,55,66,36,125,3,2,2,0.267,0.318,0.446,0.764,0.326,-8.5,-1.4,1.2,190.1,11737
Derek Dietrich,Marlins,112,469,410,103,21,5,13,55,50,33,105,21,2,1,0.25,0.335,0.417,0.751,0.326,-1.1,0,1.2,556,10542
Max Kepler,Twins,150,630,560,144,29,7,18,74,80,59,115,4,10,4,0.257,0.328,0.433,0.762,0.326,2.3,1.1,2,234.1,12144
Matt Joyce,Athletics,112,469,391,92,19,2,14,55,53,67,109,4,3,3,0.234,0.349,0.396,0.745,0.326,-4.6,-0.4,1,556.7,3353
Victor Martinez,Tigers,147,616,559,152,25,0,21,66,87,46,86,6,0,0,0.272,0.332,0.433,0.765,0.325,0,-4.5,0.3,220.6,393
Billy Butler,,92,385,345,93,18,0,10,40,48,33,68,3,0,0,0.271,0.336,0.416,0.753,0.325,0,-2.5,0.1,809.2,7399
Melky Cabrera,White Sox,157,658,603,172,35,3,13,74,76,45,78,2,3,1,0.285,0.334,0.421,0.755,0.325,-5.5,-1.5,0.9,246.3,4022
Jason Heyward,Cubs,138,581,513,135,28,2,13,68,62,58,92,5,14,5,0.263,0.341,0.402,0.744,0.325,13.8,1.8,2.9,262,4940
Adam Jones,Orioles,142,595,555,149,24,2,25,76,81,27,109,7,4,1,0.269,0.308,0.455,0.763,0.324,-3.1,1.1,2.1,106.5,6368
Chris Young,Red Sox,105,441,393,97,26,1,15,53,53,39,96,5,6,3,0.246,0.319,0.436,0.755,0.324,0,0,0.8,730.1,3882
Brad Miller,Rays,142,595,534,133,25,5,22,72,73,51,136,3,8,5,0.25,0.317,0.437,0.754,0.324,0.7,0.4,2.4,146.2,12775
C.J. Cron,Angels,75,315,292,78,16,1,12,36,45,16,61,4,2,1,0.266,0.309,0.452,0.761,0.324,-0.4,-0.6,0.7,258.4,12546
Ryan Schimpf,Padres,133,560,490,109,26,3,26,68,73,57,155,8,2,2,0.221,0.311,0.45,0.761,0.324,-6.5,0.4,1.6,284.5,9953
Todd Frazier,White Sox,153,644,577,139,27,1,30,81,88,55,147,6,13,7,0.241,0.31,0.447,0.757,0.324,1,0.2,2.6,75.5,785
Randal Grichuk,Cardinals,137,574,532,132,31,5,25,70,78,32,154,5,6,4,0.249,0.296,0.468,0.763,0.323,1,0.2,1.5,222.6,10243
Trey Mancini,Orioles,28,119,110,29,5,1,4,14,15,8,29,1,1,0,0.267,0.317,0.436,0.754,0.323,0.2,0,0.2,552.9,15149
Ian Kinsler,Tigers,148,623,571,155,29,4,17,83,71,38,90,7,10,6,0.272,0.323,0.425,0.748,0.323,5.2,0.5,3,74.1,6195
Joey Gallo,Rangers,27,112,97,21,4,1,6,14,16,13,42,1,1,0,0.213,0.309,0.45,0.759,0.323,0,0.1,0.2,389.1,14128
Gregory Polanco,Pirates,150,630,566,148,32,4,18,81,75,56,121,1,20,9,0.262,0.328,0.427,0.754,0.323,5,1.2,2.4,70.1,12907
Matt Adams,Cardinals,45,190,175,46,10,0,7,21,27,12,43,1,1,1,0.26,0.31,0.449,0.759,0.322,0.3,-0.3,0.5,510.9,9393
Jorge Soler,Royals,117,490,434,108,23,1,17,58,60,47,131,3,3,1,0.249,0.324,0.426,0.75,0.322,-2.9,0.2,0.6,274.3,14221
Alex Dickerson,Padres,85,355,323,85,19,3,10,43,44,24,67,4,3,1,0.264,0.322,0.436,0.758,0.322,-1.4,0,0.7,376.4,12649
Yangervis Solarte,Padres,125,525,476,128,26,3,13,58,62,38,65,5,1,1,0.269,0.327,0.418,0.746,0.322,-2.8,-0.8,1.7,264.7,5352
Joe Mauer,Twins,125,525,457,122,23,2,9,60,53,62,93,2,2,1,0.268,0.355,0.39,0.745,0.322,1.3,-0.5,0.8,383,1857
Brandon Moss,Royals,143,602,532,123,25,3,28,71,79,56,175,8,2,1,0.231,0.311,0.446,0.757,0.322,-0.5,0,0.5,332.4,4467
Odubel Herrera,Phillies,142,595,536,148,25,4,11,72,50,46,127,6,19,8,0.277,0.34,0.402,0.742,0.322,3.2,0.9,2.5,136.6,11476
Russell Martin,Blue Jays,115,483,414,96,18,0,18,55,65,55,122,9,3,3,0.231,0.331,0.406,0.737,0.322,2.5,-1.7,2.5,185.3,4616
Scott Schebler,Reds,123,518,470,118,19,6,20,62,70,33,124,11,7,3,0.251,0.313,0.445,0.758,0.322,-0.1,0.5,0.9,365.6,12225
Dan Vogelbach,Mariners,100,420,365,88,16,1,14,49,49,49,94,3,1,1,0.243,0.334,0.408,0.742,0.322,-0.3,-0.1,0.8,385.9,14130
Lorenzo Cain,Royals,130,546,500,141,28,3,10,65,61,35,104,6,18,6,0.283,0.334,0.412,0.746,0.321,8.2,1.4,2.9,125.6,9077
Jedd Gyorko,Cardinals,114,480,436,108,18,1,22,54,67,37,104,3,1,1,0.248,0.309,0.442,0.751,0.321,0.4,-0.5,1.7,239.8,10816
Franklin Gutierrez,Dodgers,60,250,226,55,11,0,11,31,35,19,70,3,1,1,0.244,0.308,0.441,0.749,0.321,-1.5,-0.3,0.5,788.1,3255
Adam Duvall,Reds,139,583,535,128,26,4,29,72,88,37,153,6,5,3,0.239,0.293,0.465,0.758,0.321,2.7,0.5,1.3,153.3,10950
Tom Murphy,Rockies,30,128,119,30,6,1,5,15,19,7,37,1,1,1,0.252,0.3,0.454,0.754,0.32,-0.7,0,0.3,323.5,13499
Francisco Cervelli,Pirates,91,384,332,89,15,2,4,39,34,42,72,6,3,2,0.268,0.359,0.359,0.718,0.32,-2.1,-0.4,1.8,277.8,5275
Jonathan Villar,Brewers,133,560,493,126,25,3,14,72,51,55,146,3,43,14,0.256,0.333,0.404,0.736,0.32,-6,2.6,1.3,27.6,10071
A.J. Reed,Astros,17,70,62,15,3,0,3,9,9,7,19,0,0,0,0.241,0.318,0.426,0.744,0.32,-0.1,0,0.1,406,16246
Brett Gardner,Yankees,117,490,427,110,20,4,10,63,44,50,95,5,12,4,0.256,0.338,0.39,0.729,0.32,2.7,1.8,1.5,282.3,9927
Alex Gordon,Royals,148,623,543,133,26,2,18,71,63,63,153,11,7,3,0.245,0.334,0.402,0.736,0.319,9.3,0.9,2.3,330,5209
Rowdy Tellez,Blue Jays,33,140,126,32,7,0,5,16,18,11,33,1,1,1,0.251,0.313,0.433,0.747,0.319,-0.3,-0.1,0.1,999,sa738437
Tyler White,Astros,8,35,31,8,2,0,1,4,4,3,7,0,0,0,0.248,0.322,0.414,0.736,0.319,-0.1,0,0,821.4,15564
Oswaldo Arcia,Diamondbacks,32,135,123,29,6,1,6,15,18,10,42,2,1,1,0.237,0.299,0.453,0.752,0.319,-1.2,-0.2,0,881.3,10306
Ryon Healy,Athletics,147,616,577,156,34,2,20,71,76,31,125,3,1,1,0.271,0.308,0.439,0.748,0.319,-2,-0.4,0.9,204.3,15447
Jonathan Schoop,Orioles,133,560,528,139,28,1,23,66,73,20,121,7,2,1,0.263,0.297,0.451,0.748,0.319,0.5,-0.5,1.9,157.7,11265
Stephen Cardullo,Rockies,26,110,101,27,5,1,3,11,13,7,19,1,1,1,0.266,0.317,0.426,0.743,0.319,0,-0.2,0,850.8,11204
Corey Dickerson,Rays,125,525,485,122,30,3,21,59,65,35,130,2,3,3,0.251,0.302,0.452,0.754,0.318,0.1,-0.6,0.7,275.5,10762
Kevin Kiermaier,Rays,142,595,540,140,27,7,15,73,58,43,111,6,21,8,0.259,0.319,0.42,0.739,0.318,17.8,2.2,4.4,198.4,11038
Jayson Werth,Nationals,125,525,459,112,24,0,16,64,60,56,122,4,4,2,0.244,0.328,0.4,0.729,0.318,-6.7,0.3,0.2,347.3,1327
Addison Russell,Cubs,150,630,561,139,30,3,20,71,86,54,142,8,6,3,0.248,0.32,0.421,0.741,0.318,9.9,0.4,3.5,117.9,14106
Joe Panik,Giants,143,602,539,147,27,5,9,71,60,51,61,5,4,2,0.273,0.338,0.394,0.732,0.318,3.7,0.6,2.7,303,11936
Danny Valencia,Mariners,87,364,334,87,17,1,12,43,45,25,82,2,1,1,0.261,0.314,0.426,0.74,0.318,-2.7,-1,0.3,316.8,6364
Scott Van Slyke,Dodgers,29,121,107,26,6,0,4,13,14,11,30,2,2,1,0.245,0.325,0.408,0.733,0.318,0.3,-0.3,0.3,993.1,4365
Carlos Gomez,Rangers,142,595,537,136,29,2,18,74,70,41,148,11,22,9,0.254,0.318,0.416,0.734,0.318,3.4,1.3,2.3,163.2,4881
Raimel Tapia,Rockies,7,28,26,8,1,0,0,3,3,1,4,0,1,1,0.294,0.323,0.418,0.741,0.317,0.2,-0.1,0,473.1,14350
Travis Shaw,Brewers,114,477,430,106,22,2,18,51,58,39,110,3,4,2,0.246,0.311,0.432,0.743,0.317,0.2,-0.2,1.2,318.3,11982
Logan Morrison,Rays,108,455,404,99,19,2,15,52,52,42,84,5,5,3,0.245,0.321,0.413,0.734,0.317,-1.6,-0.7,0.5,602.6,9205
Martin Prado,Marlins,133,560,512,145,27,3,8,61,57,37,65,4,2,2,0.283,0.335,0.396,0.731,0.316,2.7,-1.4,1.9,318.4,3312
Robbie Grossman,Twins,83,350,304,76,14,1,8,39,34,41,85,2,5,4,0.25,0.341,0.378,0.719,0.316,-2.5,-0.3,0.2,592.8,5254
Marcus Semien,Athletics,153,644,581,143,28,4,22,76,74,55,140,3,10,4,0.247,0.314,0.42,0.734,0.316,-8.2,0.2,2.2,212.4,12533
Tommy Pham,Cardinals,47,196,175,43,8,2,6,23,20,18,54,1,5,2,0.248,0.322,0.408,0.73,0.316,-0.8,0.3,0.3,762.8,2967
Pablo Sandoval,Red Sox,125,525,481,129,26,2,14,54,64,33,79,5,1,1,0.268,0.319,0.417,0.736,0.316,-5.4,-1.7,0.7,343.8,5409
David Freese,Pirates,121,510,456,117,24,0,13,55,58,41,128,9,1,1,0.256,0.329,0.395,0.723,0.316,-1.2,-2.2,0.9,497,9549
Luis Valbuena,Angels,130,546,475,110,23,1,19,61,62,62,124,4,2,1,0.232,0.324,0.404,0.727,0.316,-0.7,-0.6,1,508.6,4969
Dilson Herrera,Reds,67,280,255,65,12,2,9,33,34,20,57,2,5,4,0.256,0.311,0.422,0.734,0.316,-0.2,-0.5,0.8,654.1,14335
David Wright,Mets,60,254,224,56,11,1,7,29,26,27,62,1,3,2,0.249,0.332,0.392,0.723,0.316,-1.3,-0.3,0.7,514.6,3787
Stephen Vogt,Athletics,115,482,437,113,23,3,14,53,55,38,80,2,1,1,0.259,0.318,0.418,0.737,0.316,-1.5,-0.5,2,229.5,5000
Cody Bellinger,Dodgers,8,35,31,7,1,0,2,4,5,3,9,0,0,0,0.234,0.304,0.433,0.738,0.316,0.1,0,0.1,999,sa737794
Nick Markakis,Braves,155,651,576,156,31,1,10,70,62,64,89,4,2,2,0.271,0.346,0.38,0.726,0.316,-2.8,-1.3,0.5,335.6,5930
Desmond Jennings,Reds,95,400,353,86,18,2,11,46,41,38,85,4,9,4,0.244,0.321,0.404,0.725,0.316,2.3,1.2,1.1,881.8,1965
Andre Ethier,Dodgers,94,395,352,90,18,4,9,39,45,34,76,4,2,2,0.256,0.327,0.405,0.732,0.315,-1.7,-0.6,0.6,606,6265
Rob Segedin,Dodgers,8,35,32,8,1,0,1,4,4,2,8,1,0,0,0.246,0.309,0.423,0.732,0.315,-0.2,0,0.1,850.6,11446
Mitch Moreland,Red Sox,108,455,412,103,24,0,16,48,62,33,108,6,1,0,0.249,0.312,0.424,0.736,0.315,3.4,-0.8,0.5,319.1,3086
Gerardo Parra,Rockies,83,349,325,90,19,3,7,40,36,17,60,2,6,4,0.278,0.316,0.42,0.736,0.315,0.5,-0.3,-0.2,414.7,8553
Javier Baez,Cubs,102,430,397,102,19,1,16,49,57,22,111,7,12,4,0.256,0.305,0.433,0.737,0.315,1.9,1.1,1.5,119.6,12979
Jhonny Peralta,Cardinals,125,525,475,123,26,1,14,53,59,40,95,4,2,2,0.259,0.319,0.41,0.73,0.315,0.8,-2.1,1.5,425.6,1738
Yadier Molina,Cardinals,125,524,482,137,28,1,8,48,57,32,62,4,3,2,0.283,0.33,0.396,0.726,0.315,5.2,-2.6,2.6,226.4,7007
Tyler Naquin,Indians,125,525,471,122,22,4,13,58,54,43,148,5,10,5,0.259,0.325,0.405,0.73,0.315,-3.5,0.1,1.3,315.2,13359
Eugenio Suarez,Reds,142,595,536,134,25,2,19,66,69,45,143,7,9,6,0.25,0.314,0.412,0.727,0.315,0,-0.8,1.5,284,12552
Cheslor Cuthbert,Royals,23,98,90,24,5,0,3,10,11,7,17,0,1,0,0.267,0.317,0.412,0.729,0.315,-0.3,-0.2,0.1,470.7,10473
Asdrubal Cabrera,Mets,137,574,522,133,29,3,17,66,64,40,106,6,5,2,0.255,0.313,0.42,0.734,0.314,-9.1,-0.5,1.3,277.5,4962
Ryan Zimmerman,Nationals,112,470,425,106,23,1,16,54,65,36,101,3,3,1,0.249,0.309,0.424,0.733,0.314,-0.8,-0.3,0.2,387.9,4220
Wilmer Flores,Mets,66,277,257,68,13,1,10,31,36,15,39,2,1,1,0.263,0.306,0.43,0.736,0.314,-1.5,-0.4,0.5,405.6,5827
Jesus Aguilar,Brewers,25,105,95,23,4,0,4,12,13,8,24,1,0,0,0.244,0.306,0.43,0.736,0.314,0.4,0,0.1,906.2,11342
Brian McCann,Astros,100,419,371,87,13,1,17,48,57,38,80,6,0,0,0.235,0.315,0.412,0.727,0.314,-0.1,-1.5,1.9,203.6,4810
Kolten Wong,Cardinals,108,455,408,106,16,5,10,51,45,33,71,8,10,4,0.26,0.325,0.4,0.725,0.314,1.8,1.2,1.6,321.6,12532
Tommy La Stella,Cubs,15,63,56,15,3,0,1,6,6,6,8,1,0,0,0.268,0.34,0.375,0.715,0.314,-0.5,-0.1,0.1,911.2,12371
Brandon Crawford,Giants,148,623,555,143,28,7,14,65,76,54,124,6,6,3,0.257,0.327,0.412,0.739,0.314,8.4,0.4,3.5,213.4,5343
Chris Iannetta,Diamondbacks,38,160,136,31,7,0,4,15,17,21,39,1,1,0,0.228,0.332,0.38,0.712,0.314,-1.1,-0.3,0.5,664.9,8267
Justin Smoak,Blue Jays,103,434,382,87,17,0,17,49,57,46,120,3,1,1,0.227,0.313,0.412,0.725,0.314,0,-1.4,0.2,559.8,9054
Yonder Alonso,Athletics,108,455,408,109,25,1,8,49,48,39,61,2,4,2,0.266,0.331,0.39,0.722,0.314,1.9,-1.1,0.8,566.4,2530
Jay Bruce,Mets,142,595,538,129,28,4,24,70,85,49,135,3,6,3,0.239,0.303,0.439,0.742,0.313,-4.2,-0.4,0.6,192.7,9892
Byron Buxton,Twins,142,595,543,136,26,8,18,74,68,39,174,5,18,6,0.251,0.305,0.427,0.732,0.313,5.6,2.3,2.6,154.2,14161
Jordan Patterson,Rockies,12,50,45,11,2,0,1,5,5,3,13,1,1,1,0.254,0.316,0.408,0.724,0.313,0.1,0,0,826.7,15119
Devin Mesoraco,Reds,91,384,341,80,16,1,15,41,43,33,84,6,3,2,0.233,0.311,0.415,0.726,0.313,-3.2,-0.8,1.2,285.6,5666
Howie Kendrick,Phillies,114,478,435,119,22,2,8,54,45,36,83,3,7,3,0.273,0.331,0.39,0.721,0.313,-0.1,-0.4,0.7,330.3,4229
Yunel Escobar,Angels,133,560,506,141,24,1,8,61,48,42,71,5,2,2,0.279,0.337,0.376,0.713,0.313,-5.6,-2.3,1.3,442.5,4191
Mark Canha,Athletics,72,301,271,67,14,1,9,35,36,22,72,4,3,2,0.248,0.313,0.411,0.723,0.313,-1.2,0.1,0.5,671.5,11445
Lonnie Chisenhall,Indians,100,420,383,101,23,2,10,45,52,27,81,3,4,1,0.264,0.315,0.416,0.731,0.313,1,0.8,0.8,462.2,7571
Jake Bauers,Rays,18,77,69,17,3,0,2,9,9,7,15,1,1,1,0.252,0.319,0.401,0.721,0.313,0.1,-0.1,0.2,999,sa737848
Denard Span,Giants,140,588,531,145,27,5,7,70,44,47,68,3,15,6,0.273,0.333,0.383,0.716,0.313,-5.4,1.1,1.5,333.6,8347
Justin Morneau,,83,350,321,84,17,2,10,35,40,22,65,3,1,1,0.261,0.312,0.418,0.73,0.312,0.2,-1,0.1,899.5,1737
Nori Aoki,Astros,95,399,358,98,16,3,5,46,33,29,40,6,9,5,0.273,0.336,0.374,0.71,0.312,-1.5,-1.1,0.5,567.7,13075
Josh Harrison,Pirates,139,585,546,154,33,5,8,65,59,24,87,6,16,7,0.282,0.318,0.407,0.724,0.312,-0.2,1.2,1.8,282,8202
J.T. Realmuto,Marlins,107,448,416,114,23,3,9,47,47,24,79,3,9,4,0.274,0.317,0.408,0.725,0.312,-0.4,0.3,2,132.7,11739
Brock Holt,Red Sox,103,434,390,106,22,2,5,48,41,35,81,3,8,3,0.272,0.335,0.376,0.711,0.312,-1.5,1.1,0.9,563.4,9345
Steven Moya,Tigers,33,140,133,33,6,1,7,16,20,6,41,1,1,1,0.248,0.28,0.46,0.74,0.312,-0.3,0,0.1,652.5,11854
Steven Souza Jr.,Rays,108,455,406,97,17,1,17,54,50,39,144,5,10,6,0.238,0.311,0.409,0.719,0.312,0.7,0.6,1,346.4,5667
Rob Refsnyder,Yankees,40,168,150,40,8,1,3,19,17,14,30,2,3,1,0.263,0.33,0.386,0.716,0.312,-0.9,-0.1,0.4,818.4,13770
Ryan Raburn,,54,228,202,47,10,1,8,24,29,21,62,2,1,0,0.234,0.311,0.411,0.723,0.312,-1.2,-0.3,0.1,902.7,2218
Ryan Raburn,,58,245,217,51,11,1,8,26,32,23,67,2,1,0,0.234,0.311,0.411,0.723,0.312,-1.7,-0.3,0.1,902.7,2218
Avisail Garcia,White Sox,128,539,491,128,20,2,16,64,64,37,132,6,6,5,0.26,0.316,0.404,0.72,0.312,-2.7,-1,0.1,449.5,5760
Jeimer Candelario,Cubs,7,28,25,6,2,0,1,3,3,2,6,0,0,0,0.251,0.318,0.403,0.72,0.311,-0.1,0,0.1,898.5,13621
Chase Headley,Yankees,133,560,496,124,22,1,14,62,59,52,125,7,5,3,0.249,0.326,0.385,0.712,0.311,3.5,-0.2,2,425.3,4720
Josh Hamilton,Rangers,10,42,38,10,2,0,2,5,5,3,12,0,0,0,0.25,0.304,0.428,0.732,0.311,-0.1,0,0,769.9,1875
Elvis Andrus,Rangers,150,630,567,157,31,4,7,70,61,48,81,3,25,10,0.276,0.333,0.381,0.714,0.311,-4.7,1.6,1.7,173.6,8709
Ender Inciarte,Braves,147,616,563,159,26,5,6,77,42,41,75,3,20,8,0.283,0.333,0.383,0.716,0.311,8.3,1.5,2.6,218.6,4922
Welington Castillo,Orioles,99,416,376,92,17,0,15,42,54,30,105,5,1,1,0.246,0.308,0.417,0.724,0.311,-1.7,-1.1,1.5,217.4,3256
Travis d'Arnaud,Mets,91,384,347,87,17,1,11,42,41,30,68,3,1,0,0.251,0.315,0.405,0.72,0.311,-2.6,-0.3,1.5,284.2,7739
Brandon Nimmo,Mets,8,35,31,8,1,0,1,4,3,3,8,0,0,0,0.254,0.328,0.383,0.711,0.311,-0.1,-0.1,0,683.4,12927
Lewis Brinson,Brewers,2,7,6,2,0,0,0,1,1,0,2,0,0,0,0.251,0.294,0.435,0.729,0.311,0,0,0,999,sa657923
Salvador Perez,Royals,122,512,483,126,25,2,19,54,65,20,91,5,1,0,0.261,0.295,0.437,0.732,0.311,6.6,-1.8,2.7,189.9,7304
Jorge Polanco,Twins,107,448,412,111,19,5,8,48,48,28,72,2,9,6,0.269,0.317,0.402,0.72,0.311,-3.7,-0.5,1.1,348.4,13152
Eduardo Nunez,Giants,135,568,527,145,26,5,11,62,59,29,84,4,29,11,0.276,0.316,0.407,0.722,0.31,1.5,1.5,2.1,109.3,6848
Tyler Austin,Yankees,42,175,157,37,8,1,6,20,21,15,51,1,2,1,0.237,0.306,0.411,0.717,0.31,-0.3,0.1,0.2,605.1,11850
Mitch Haniger,Mariners,125,525,471,114,21,3,18,58,61,40,125,7,7,4,0.243,0.309,0.411,0.72,0.31,2.3,-0.1,1.2,329.9,14274
Dansby Swanson,Braves,150,630,566,145,29,6,13,73,65,53,130,5,9,4,0.256,0.322,0.399,0.722,0.31,1.7,0.5,2.2,173.5,18314
Jefry Marte,Angels,23,98,89,22,4,0,4,11,12,7,21,1,1,1,0.243,0.302,0.417,0.719,0.31,-0.1,-0.1,0.2,386.2,5107
Brandon Drury,Diamondbacks,95,400,371,98,23,1,10,41,43,23,72,3,2,2,0.265,0.311,0.409,0.72,0.31,-2.8,-0.8,0.3,257.5,11615
Cesar Hernandez,Phillies,142,595,529,143,18,8,5,68,43,56,115,3,18,10,0.271,0.342,0.362,0.704,0.31,-0.4,0.2,1.5,289.2,10556
Trevor Plouffe,Athletics,125,525,477,118,26,2,16,56,65,39,102,3,2,1,0.248,0.307,0.411,0.718,0.31,-4.5,-1.2,1.2,422.7,7462
Matt Skole,Nationals,2,7,6,1,0,0,0,1,1,1,2,0,0,0,0.23,0.315,0.398,0.713,0.309,0,0,0,999,sa526563
Jose Martinez,Cardinals,25,105,96,26,5,0,2,11,10,7,18,0,1,1,0.272,0.324,0.39,0.713,0.309,-0.5,0,0.1,999,7996
Clint Robinson,Nationals,46,194,172,43,8,1,5,20,22,18,36,2,1,0,0.252,0.326,0.382,0.707,0.309,-0.6,-0.5,0.1,800.9,6908
Starlin Castro,Yankees,118,497,466,126,23,1,14,52,60,22,89,3,4,2,0.269,0.305,0.416,0.722,0.309,-1.4,-1,1.1,248.4,4579
Jurickson Profar,Rangers,113,476,426,107,18,4,10,53,47,40,86,5,6,4,0.252,0.322,0.382,0.704,0.308,-0.1,-0.6,0.5,336.2,10815
Jarrett Parker,Giants,99,416,367,84,14,3,14,47,47,40,142,6,6,4,0.228,0.312,0.395,0.707,0.308,0.3,-0.3,0.6,661.5,11624
Jake Smolinski,Athletics,23,98,89,22,5,0,2,10,10,7,17,1,1,1,0.252,0.313,0.395,0.708,0.308,-0.3,-0.1,0.2,831.4,5408
Mac Williamson,Giants,82,346,312,77,15,1,11,38,40,25,89,6,3,1,0.245,0.31,0.404,0.714,0.308,0.1,-0.1,0.5,806.9,14158
Didi Gregorius,Yankees,133,560,515,135,25,2,14,61,62,30,83,7,5,2,0.262,0.31,0.404,0.714,0.307,-0.4,1.4,2,253.3,6012
Matt Wieters,Nationals,99,416,379,95,17,1,14,42,52,29,80,3,1,0,0.25,0.304,0.411,0.715,0.307,0.5,-0.8,1.5,230.4,4298
Scooter Gennett,Brewers,42,175,163,43,9,1,4,19,18,10,33,1,2,1,0.267,0.31,0.406,0.716,0.307,-1.2,-0.1,0.2,515.1,10339
Alex Avila,Tigers,50,211,177,38,8,0,5,21,19,31,68,1,0,1,0.216,0.332,0.353,0.686,0.307,-0.4,-0.8,0.8,799.1,7476
Kevin Pillar,Blue Jays,138,581,543,148,35,2,11,63,62,25,90,5,15,6,0.273,0.309,0.404,0.713,0.307,10.7,1.4,2.7,300.5,12434
Wilson Ramos,Rays,94,396,368,95,15,0,15,39,51,22,71,1,0,0,0.258,0.3,0.418,0.718,0.307,0.9,-1.4,1.1,263.5,1433
Christian Walker,Reds,2,7,6,2,0,0,0,1,1,0,2,0,0,0,0.242,0.296,0.419,0.716,0.307,0,0,0,885,13419
Ryan Rua,Rangers,82,343,310,75,14,1,11,40,37,25,90,5,6,2,0.243,0.307,0.402,0.709,0.306,0.3,0.1,0.1,519.8,12409
Stephen Drew,Nationals,57,241,215,50,12,1,8,25,28,22,48,2,1,1,0.231,0.303,0.408,0.711,0.306,-0.3,-0.6,0.4,760.5,4251
Jacoby Ellsbury,Yankees,133,560,506,133,22,4,10,67,52,43,84,4,21,6,0.262,0.323,0.377,0.7,0.305,-0.2,2.2,1.6,245.8,4727
Kirk Nieuwenhuis,Brewers,88,370,325,71,17,2,13,41,45,39,116,2,7,5,0.218,0.305,0.398,0.703,0.305,0.3,0,0.3,869,6400
Jean Segura,Mariners,148,623,579,157,25,5,12,73,56,28,96,8,26,9,0.271,0.312,0.394,0.706,0.305,-3.5,2,2.1,58.8,5933
Cameron Maybin,Angels,118,497,449,117,20,4,8,57,49,41,96,3,15,6,0.26,0.324,0.373,0.696,0.305,-3.1,0.6,0.5,299.9,5223
Jason Rogers,Pirates,15,63,56,14,3,0,1,6,7,6,13,0,0,0,0.249,0.318,0.381,0.699,0.305,-0.3,0,0,999,11773
Dustin Garneau,Rockies,30,128,116,28,6,0,4,13,15,8,25,2,1,1,0.245,0.303,0.404,0.707,0.305,0.3,-0.1,0.2,855,9433
Austin Barnes,Dodgers,46,194,174,43,8,1,4,20,20,17,32,2,4,2,0.249,0.319,0.376,0.695,0.304,-0.5,0.2,0.8,555.4,12158
Matt Olson,Athletics,17,70,61,13,4,0,2,8,8,8,18,0,0,0,0.22,0.312,0.388,0.7,0.304,-0.1,0,0.1,786.9,14344
Ketel Marte,Diamondbacks,100,421,389,110,22,3,3,47,36,23,61,1,14,6,0.282,0.322,0.379,0.7,0.304,-1.9,0.6,0.4,271.6,13613
Conor Gillaspie,Giants,60,251,231,60,12,3,5,24,28,16,39,1,1,1,0.261,0.309,0.402,0.711,0.304,-1.3,-0.2,0.4,859.2,9009
Steve Selsky,Red Sox,2,7,6,2,0,0,0,1,1,1,2,0,0,0,0.247,0.316,0.377,0.693,0.304,0,0,0,999,12957
Abraham Almonte,Indians,17,70,63,16,4,1,1,8,7,5,16,0,2,1,0.256,0.313,0.389,0.701,0.304,0.4,0.1,0.2,727.2,5486
Colby Rasmus,Rays,117,490,437,97,18,1,20,54,61,47,150,2,4,2,0.221,0.297,0.406,0.703,0.304,5.8,0.9,1.3,465.9,9893
Cristhian Adames,Rockies,20,85,77,21,3,1,1,8,8,6,14,1,2,1,0.269,0.324,0.372,0.696,0.304,0.2,-0.1,0,914.5,6013
Delmon Young,,50,210,195,51,9,1,6,22,24,10,42,2,2,1,0.262,0.303,0.402,0.705,0.304,-3,-0.5,-0.2,999,2140
Angel Pagan,,117,490,450,121,22,3,7,54,45,33,71,1,11,5,0.269,0.318,0.38,0.698,0.304,-2.2,0.6,0.2,479.6,2918
Mike Zunino,Mariners,99,416,373,81,15,1,19,46,54,29,126,9,1,1,0.218,0.289,0.415,0.704,0.303,-0.1,-0.2,1.8,300.3,13265
Trayce Thompson,Dodgers,37,155,142,33,7,1,6,17,19,11,40,1,3,1,0.231,0.289,0.419,0.707,0.303,-0.1,0.3,0.3,534.8,9952
Cory Spangenberg,Padres,92,385,348,90,16,6,6,41,41,27,84,2,9,5,0.258,0.314,0.388,0.701,0.303,-0.2,0.8,0.9,534.9,12294
Phillip Ervin,Reds,2,7,6,1,0,0,0,1,1,1,2,0,0,0,0.231,0.309,0.386,0.695,0.303,0,0,0,999,sa708965
Andrew Susac,Brewers,69,288,257,60,12,1,8,30,31,26,76,2,1,0,0.234,0.307,0.391,0.699,0.303,-0.8,0,0.8,447.2,13132
Aaron Hicks,Yankees,103,434,385,93,17,2,11,48,45,42,88,1,8,4,0.241,0.314,0.381,0.696,0.303,0.3,0.1,0.6,636.8,5297
Matt Duffy,Rays,125,525,482,127,22,3,10,58,53,32,90,5,10,4,0.264,0.313,0.385,0.698,0.303,-2.1,0.4,1.6,337.6,13836
Andrew Toles,Dodgers,69,289,271,72,16,3,5,31,30,13,58,3,12,6,0.267,0.304,0.4,0.705,0.302,2.4,0.2,0.6,338,13414
Cody Asche,White Sox,20,84,76,18,4,0,3,9,10,6,22,1,1,0,0.239,0.301,0.401,0.702,0.302,-0.4,0,0,841.8,11997
Chris Heisey,Nationals,26,108,96,22,4,0,4,13,12,10,28,1,1,1,0.226,0.301,0.398,0.699,0.302,0.2,0.1,0.1,999,3978
Jose Peraza,Reds,142,595,554,155,23,6,7,63,53,25,76,5,31,14,0.281,0.314,0.385,0.699,0.302,1.6,0.9,1.2,127.3,13593
Jon Jay,Cubs,99,414,371,99,19,2,4,43,35,27,77,11,4,2,0.267,0.331,0.355,0.687,0.302,-2,0,0.5,596.9,5227
Blake Swihart,Red Sox,33,137,124,32,6,1,2,15,13,11,30,1,2,1,0.257,0.317,0.376,0.693,0.302,0,0,0,471.7,13176
Preston Tucker,Astros,3,14,13,3,1,0,1,2,2,1,3,0,0,0,0.237,0.292,0.414,0.705,0.302,0,0,0,891.1,13633
Marlon Byrd,,83,350,323,78,16,2,13,35,47,20,101,2,1,1,0.242,0.288,0.422,0.71,0.302,0.1,-0.4,0.1,999,950
Austin Jackson,Indians,50,210,191,50,11,1,3,24,20,15,49,1,5,2,0.259,0.314,0.377,0.691,0.301,-1,0.1,0.2,703.2,9848
Adonis Garcia,Braves,142,595,561,150,30,1,15,63,66,23,98,6,5,3,0.267,0.301,0.402,0.703,0.301,-5,-1,0.4,326.8,13777
Coco Crisp,,100,420,376,90,21,3,10,48,43,38,71,1,9,4,0.238,0.308,0.387,0.695,0.301,-2.1,0.2,0,747.7,1572
Jonny Gomes,,67,280,244,54,9,1,9,29,31,29,84,3,3,2,0.223,0.313,0.375,0.687,0.301,0,-0.1,-0.3,999,1845
Jose Reyes,Mets,110,463,424,111,19,3,9,56,39,32,64,1,15,5,0.262,0.312,0.383,0.695,0.301,-4.9,1.1,0.6,256.1,1736
Jeff Baker,,25,105,95,23,4,1,3,11,12,8,28,1,2,1,0.239,0.298,0.401,0.699,0.301,-0.8,-0.3,-0.1,999,2073
Gavin Cecchini,Mets,2,7,6,2,0,0,0,1,1,0,1,0,0,0,0.262,0.316,0.373,0.689,0.301,0,0,0,795.9,17005
Andres Blanco,Phillies,100,419,381,96,23,2,8,45,40,26,77,6,5,4,0.251,0.308,0.384,0.693,0.301,-2.3,-1.8,0.2,795.3,1907
Keon Broxton,Brewers,125,525,464,102,20,6,16,59,55,53,184,2,28,12,0.219,0.301,0.393,0.694,0.301,4.6,1.1,1.2,201.7,9253
Robinson Chirinos,Rangers,27,115,102,23,5,0,4,13,13,9,28,2,1,1,0.226,0.299,0.393,0.692,0.301,0.4,-0.3,0.4,581.2,3142
Marwin Gonzalez,Astros,52,217,202,52,11,1,5,24,23,10,46,2,4,3,0.257,0.297,0.4,0.698,0.301,0.7,-0.5,0.3,499.6,5497
Hunter Renfroe,Padres,137,575,539,132,26,3,22,65,75,28,146,3,4,2,0.244,0.283,0.426,0.71,0.301,2.4,0.2,0.6,205.8,15464
Aristides Aquino,Reds,2,7,7,2,0,0,0,1,1,0,2,0,0,0,0.244,0.285,0.421,0.706,0.301,0,0,0,999,sa597058
Miguel Montero,Cubs,53,224,193,45,7,0,6,21,26,26,49,2,1,1,0.232,0.327,0.363,0.69,0.3,-1.6,-0.8,0.5,487,3364
David DeJesus,,75,315,281,68,14,2,6,33,31,26,58,4,4,3,0.242,0.313,0.374,0.687,0.3,-0.5,-0.8,0,999,1825
A.J. Ellis,Marlins,29,122,103,24,5,0,2,10,12,15,22,1,1,1,0.232,0.332,0.345,0.678,0.3,0,-0.5,0.4,898.4,5677
Eddie Rosario,Twins,97,406,383,100,19,4,11,48,46,16,92,1,8,5,0.261,0.292,0.416,0.707,0.3,2.4,0.4,0.5,373.2,12155
Kyle Higashioka,Yankees,23,96,89,21,4,0,3,11,13,6,21,0,0,0,0.242,0.29,0.412,0.702,0.3,-0.5,-0.1,0.3,938.2,sa454957
Yoan Moncada,White Sox,63,266,234,54,11,1,6,28,25,26,74,3,13,6,0.232,0.315,0.37,0.685,0.3,-1.3,0.3,0.3,249.7,17232
Tyler Flowers,Braves,72,303,273,66,13,0,9,26,33,21,91,6,0,1,0.24,0.306,0.382,0.688,0.3,-2.6,-1,0.6,335.4,9134
Jeremy Hazelbaker,Diamondbacks,20,85,77,18,3,1,2,9,9,6,25,1,3,1,0.238,0.296,0.402,0.698,0.3,-0.1,0.1,0,694.1,9399
Delino DeShields,Rangers,53,224,196,48,9,1,3,28,18,22,55,2,12,5,0.245,0.324,0.352,0.676,0.3,-1.1,0.9,0.1,506.5,11379
J.P. Crawford,Phillies,83,350,310,77,14,2,5,36,31,35,57,1,6,4,0.247,0.323,0.355,0.678,0.3,1.1,-0.4,0.9,999,sa737507
Dylan Cozens,Phillies,5,23,21,5,1,0,1,3,3,2,8,0,1,0,0.233,0.287,0.414,0.701,0.299,0,0,0,999,sa657955
Anthony Santander,Orioles,25,105,96,23,5,0,4,12,13,6,27,1,1,1,0.24,0.292,0.404,0.696,0.299,-0.4,-0.1,0,999,sa659463
Bryce Brentz,Red Sox,2,7,6,2,0,0,0,1,1,0,2,0,0,0,0.242,0.292,0.402,0.694,0.299,0,0,0,999,10607
Derek Norris,,84,352,315,73,16,1,10,39,40,31,88,3,5,2,0.232,0.305,0.387,0.692,0.299,-1.8,0,1,318.8,6867
Greg Garcia,Cardinals,38,160,139,34,7,1,1,16,12,17,32,2,2,1,0.248,0.338,0.335,0.673,0.299,0.1,0.2,0.3,635.4,10951
Jordy Mercer,Pirates,117,490,443,115,22,2,9,48,50,36,77,4,2,1,0.259,0.318,0.38,0.698,0.299,-3.3,0.2,1,504.5,6547
Hector Sanchez,,53,224,205,50,10,0,8,21,28,13,50,2,1,0,0.242,0.292,0.401,0.693,0.299,-2.6,0,0.5,975,10289
Eduardo Escobar,Twins,88,371,342,87,20,2,7,38,39,22,72,2,3,2,0.255,0.303,0.389,0.692,0.299,-1.7,-0.2,0.6,551.8,6153
Nick Franklin,Rays,92,385,346,83,16,2,10,41,40,33,92,2,8,3,0.239,0.306,0.382,0.687,0.299,-1.9,0.6,0.3,555.5,10166
Brett Phillips,Brewers,2,7,6,1,0,0,0,1,1,1,2,0,0,0,0.229,0.3,0.389,0.689,0.299,0,0,0,999,sa658005
Anthony Garcia,Cardinals,7,28,25,6,1,0,1,3,3,2,6,0,0,0,0.237,0.303,0.384,0.687,0.298,-0.1,0,0,999,sa502038
Adam Frazier,Pirates,33,140,128,35,6,1,1,14,11,9,19,1,4,3,0.271,0.324,0.353,0.678,0.298,0.4,-0.4,0.2,573.3,15223
Juan Uribe,,83,350,321,79,16,0,11,34,41,23,71,2,1,0,0.247,0.299,0.396,0.695,0.298,4.4,-0.5,1,999,454
Marco Hernandez,Red Sox,3,14,13,4,1,0,0,1,1,1,3,0,0,0,0.27,0.303,0.39,0.693,0.298,-0.1,0,0,891.1,13154
Jose Iglesias,Tigers,137,574,525,144,26,1,6,60,47,31,60,8,11,6,0.273,0.321,0.359,0.68,0.298,3.6,-0.7,1.8,503.8,10231
Albert Almora,Cubs,87,364,343,92,19,3,6,38,38,14,53,1,6,3,0.269,0.298,0.396,0.694,0.298,1.6,0,0.6,499.7,14109
Dee Gordon,Marlins,150,630,586,165,20,9,3,80,39,33,95,3,50,16,0.282,0.321,0.362,0.683,0.298,0.6,4.6,1.5,58.2,8203
Eliezer Alvarez,Cardinals,2,7,6,2,0,0,0,1,1,0,1,0,0,0,0.259,0.313,0.372,0.685,0.298,0,0,0,999,sa657261
Brandon Phillips,Braves,130,546,512,141,25,1,9,56,57,22,69,6,11,6,0.275,0.309,0.379,0.689,0.298,2,-1.1,0.9,292.3,791
Aaron Altherr,Phillies,92,385,345,80,18,2,10,42,44,30,105,6,9,4,0.231,0.302,0.386,0.687,0.298,2.9,0.1,0.4,432.5,11270
Geovany Soto,White Sox,61,256,231,52,11,0,10,27,29,20,73,1,1,1,0.224,0.288,0.4,0.688,0.297,-0.9,-0.6,0.7,635.4,3707
Renato Nunez,Athletics,3,14,13,3,1,0,1,2,2,1,3,0,0,0,0.24,0.281,0.415,0.696,0.297,-0.1,0,0,893.2,14503
Zack Cozart,Reds,133,560,513,127,27,3,14,64,57,35,91,4,5,2,0.247,0.299,0.393,0.692,0.297,6.2,0.4,1.7,374.7,2616
Chris Taylor,Dodgers,17,70,63,16,3,1,1,7,6,5,15,0,2,1,0.256,0.316,0.363,0.68,0.297,0.4,0.1,0.2,973.7,13757
Chris Owings,Diamondbacks,68,286,267,70,14,4,4,29,28,14,58,2,9,3,0.263,0.302,0.392,0.694,0.297,-1.1,0.9,0.3,313.4,10030
Guillermo Heredia,Mariners,68,287,252,64,10,1,3,31,24,24,44,6,4,3,0.254,0.328,0.339,0.667,0.297,-0.1,-0.2,0.2,896.3,18721
Josh Phegley,Athletics,38,160,147,36,8,1,5,18,20,9,31,2,0,0,0.242,0.29,0.4,0.69,0.297,0.5,-0.1,0.7,643.6,9308
Jose Osuna,Pirates,2,7,7,2,0,0,0,1,1,0,1,0,0,0,0.253,0.295,0.397,0.692,0.297,0,0,0,999,sa546540
Jace Peterson,Braves,46,193,169,41,8,1,2,19,16,20,36,1,4,3,0.243,0.325,0.348,0.673,0.297,-0.4,-0.1,0.1,613.6,12325
Tony Kemp,Astros,13,56,50,13,2,1,0,6,4,5,9,1,2,1,0.256,0.325,0.344,0.669,0.297,0,0,0.1,950.8,14894
Phil Gosselin,Pirates,12,49,45,12,2,0,1,5,4,2,8,0,1,0,0.27,0.31,0.371,0.681,0.297,-0.2,0.1,0.1,848.1,10953
Miguel Gomez,Giants,2,7,7,2,0,0,0,1,1,0,1,0,0,0,0.269,0.294,0.398,0.692,0.297,0,0,0,999,sa657484
Matt Chapman,Athletics,13,56,51,11,2,0,2,7,7,5,17,0,1,0,0.214,0.282,0.412,0.694,0.296,0.4,0,0.1,999,sa828672
Andrelton Simmons,Angels,150,630,581,155,28,3,9,64,61,38,57,4,8,4,0.267,0.314,0.369,0.683,0.296,14.8,-0.7,3.4,388.9,10847
Nick Williams,Phillies,9,36,34,8,2,0,1,4,4,1,9,0,0,0,0.247,0.281,0.416,0.696,0.296,0.1,0,0,999,sa657981
Dalton Pompey,Blue Jays,42,175,157,39,7,1,3,19,16,15,39,1,8,3,0.246,0.312,0.362,0.674,0.296,0.4,0.5,0.2,711.8,12797
Jed Lowrie,Athletics,115,483,434,109,23,1,8,50,45,38,77,4,1,1,0.252,0.315,0.365,0.68,0.296,-2.4,-0.8,0.4,548.3,4418
Joey Rickard,Orioles,50,210,187,47,9,1,3,22,17,17,42,2,5,2,0.252,0.319,0.349,0.668,0.296,-2.6,0.1,-0.2,762.5,13277
Jason Castro,Twins,99,416,369,82,18,2,11,44,43,39,121,3,2,1,0.222,0.301,0.374,0.675,0.295,2,-0.4,1.4,358.7,8722
Drew Robinson,Rangers,15,63,56,12,2,1,2,7,7,6,20,0,1,1,0.217,0.296,0.382,0.678,0.295,-0.1,0,0,999,sa548300
Corey Hart,,50,210,193,45,9,1,8,22,26,12,57,3,2,1,0.232,0.284,0.404,0.688,0.295,-1,-0.7,-0.3,999,1945
Enrique Hernandez,Dodgers,37,156,141,34,7,1,4,16,15,12,32,1,1,1,0.239,0.3,0.38,0.68,0.295,-0.2,-0.1,0.3,778.3,10472
Jose Marmolejos,Nationals,2,7,6,2,0,0,0,1,1,0,2,0,0,0,0.248,0.301,0.382,0.682,0.295,0,0,0,999,sa598311
Cameron Rupp,Phillies,91,384,352,82,17,1,12,37,45,25,107,4,1,0,0.233,0.29,0.394,0.684,0.295,0,-0.5,1,268.5,11146
Rajai Davis,Athletics,133,560,513,125,28,3,13,67,63,32,109,7,17,6,0.244,0.294,0.387,0.681,0.295,-1.7,1.9,1.2,229.7,3708
Ezequiel Carrera,Blue Jays,75,315,283,71,11,2,5,36,29,23,68,3,11,4,0.251,0.312,0.359,0.67,0.295,0.9,0.5,0.1,649,9048
Daniel Descalso,Diamondbacks,43,180,159,38,8,1,3,18,18,17,37,1,2,1,0.239,0.314,0.365,0.68,0.294,-0.7,0.1,-0.1,843,8392
Aaron Hill,Giants,15,63,57,14,3,0,1,6,7,5,10,0,1,0,0.248,0.309,0.366,0.675,0.294,-0.4,-0.1,0.1,699.7,6104
Hernan Perez,Brewers,116,488,460,121,23,4,10,48,52,19,92,2,21,7,0.264,0.293,0.392,0.686,0.294,-0.1,1.8,0.1,233.8,5751
Gorkys Hernandez,Giants,73,305,275,70,13,1,4,31,27,23,63,3,9,5,0.254,0.315,0.355,0.67,0.294,0.3,-0.2,0.3,957.2,4146
Yan Gomes,Indians,84,352,328,78,17,1,12,38,46,16,88,4,1,1,0.238,0.279,0.411,0.69,0.294,2.3,-0.2,1.3,311,9627
Rio Ruiz,Braves,39,165,147,35,7,1,3,16,16,15,41,1,1,1,0.236,0.308,0.364,0.673,0.294,0,-0.1,0.1,792.1,14103
Dioner Navarro,,61,256,234,58,10,1,6,23,30,18,46,1,1,1,0.247,0.299,0.379,0.678,0.293,-1.9,-0.8,0.5,789.3,3179
Sandy Leon,Red Sox,84,352,316,77,16,1,6,36,33,28,81,3,1,1,0.244,0.309,0.363,0.672,0.293,4.1,-0.6,1.3,292.8,5273
Darrell Ceciliani,Blue Jays,17,70,65,16,3,0,2,8,8,4,18,1,2,1,0.246,0.292,0.391,0.683,0.293,0.1,0.1,0,999,9954
T.J. Rivera,Mets,48,200,187,50,9,1,3,20,20,8,31,2,1,1,0.269,0.305,0.371,0.677,0.293,0.1,0,0.3,625.3,12495
Victor Caratini,Cubs,1,6,6,1,0,0,0,1,1,1,1,0,0,0,0.245,0.313,0.355,0.667,0.293,0,0,0,999,sa737618
Ben Gamel,Mariners,27,112,102,26,5,1,2,12,11,8,25,0,2,1,0.253,0.306,0.372,0.677,0.293,-0.6,0,0,643.4,12160
Daniel Palka,Twins,7,28,26,6,1,0,1,3,3,2,9,0,1,0,0.221,0.278,0.407,0.685,0.293,-0.1,0,0,999,sa549449
Ehire Adrianza,Twins,17,70,63,15,3,0,1,7,6,5,13,1,1,1,0.245,0.306,0.362,0.668,0.293,0,-0.1,0.1,875.7,8418
Taylor Motter,Mariners,15,63,57,14,3,0,2,7,7,4,12,0,2,1,0.239,0.296,0.38,0.677,0.293,-0.5,0,0.1,919.9,12399
Carlos Asuaje,Padres,15,65,59,15,3,1,1,6,6,5,12,0,1,1,0.248,0.306,0.365,0.671,0.293,-0.1,0,0.1,780.1,15197
Chase Utley,Dodgers,45,187,169,40,9,1,4,21,19,13,36,3,1,1,0.238,0.302,0.372,0.674,0.293,0.2,0.2,0.2,589.1,1679
Tyler Saladino,White Sox,100,420,385,97,16,2,9,46,43,25,82,3,15,5,0.251,0.299,0.374,0.674,0.293,2.2,0.8,0.9,416.7,10807
Cole Gillespie,,50,210,189,48,9,1,3,22,19,17,37,1,3,1,0.251,0.312,0.355,0.667,0.293,-0.7,0.1,-0.1,999,5888
Alejandro De Aza,Athletics,42,175,156,37,7,1,3,19,16,14,41,2,4,2,0.237,0.308,0.361,0.669,0.292,-0.5,-0.1,0.1,917.9,3371
Adam Rosales,Athletics,77,322,289,66,13,2,9,36,33,27,91,3,4,3,0.228,0.298,0.376,0.674,0.292,0.1,-0.3,0.6,796.2,9682
Manuel Margot,Padres,133,560,520,134,24,7,7,60,48,30,79,3,24,12,0.258,0.3,0.374,0.674,0.292,4.9,0.3,1.3,246.9,14712
Grady Sizemore,,25,105,95,23,5,0,2,11,10,8,22,1,1,1,0.241,0.3,0.369,0.669,0.292,-1.4,-0.2,-0.2,999,2197
Anthony Recker,Braves,26,111,97,21,4,0,4,11,12,11,34,1,1,0,0.213,0.299,0.368,0.667,0.292,-1.1,0,0.1,774,4063
Christian Colon,Royals,72,301,275,72,12,0,3,29,26,19,40,2,6,3,0.263,0.315,0.347,0.662,0.292,1.4,-0.3,0.5,813.7,11145
Ronald Torreyes,Yankees,80,336,310,82,14,3,3,35,29,16,33,3,6,4,0.265,0.307,0.362,0.669,0.292,0.2,-0.1,0.5,794.1,11400
Brett Nicholas,Rangers,3,13,12,3,1,0,0,1,1,1,3,0,0,0,0.249,0.296,0.378,0.674,0.292,-0.1,0,0,999,11192
Samir Duenez,Royals,2,7,7,2,0,0,0,1,1,0,1,0,0,0,0.257,0.294,0.384,0.677,0.292,0,0,0,999,sa739574
Manny Pina,Brewers,30,128,117,29,6,0,3,12,14,8,22,1,1,1,0.245,0.298,0.377,0.675,0.292,0.2,-0.1,0.3,875.4,2829
Paulo Orlando,Royals,95,399,375,101,18,3,5,39,36,14,82,4,10,4,0.27,0.302,0.373,0.675,0.292,3.3,0.5,0.4,514.5,8628
Tim Anderson,White Sox,150,630,599,158,26,6,12,72,54,20,162,4,21,8,0.265,0.291,0.385,0.677,0.292,3.9,0.7,1.7,175.2,15172
Roberto Perez,Indians,61,256,218,47,11,1,5,27,25,30,69,1,1,1,0.214,0.311,0.344,0.655,0.291,1.5,-0.3,0.8,592.6,2900
Pat Valaika,Rockies,3,14,13,3,1,0,0,1,1,1,3,0,0,0,0.254,0.29,0.388,0.678,0.291,0,0,0,999,14885
Steve Clevenger,,15,64,58,15,3,0,1,6,6,5,11,0,0,0,0.255,0.311,0.357,0.668,0.291,-0.6,-0.1,0.1,999,9542
Kurt Suzuki,Braves,65,271,247,63,14,1,4,22,28,16,34,4,0,0,0.254,0.307,0.361,0.668,0.291,-2,-0.7,0.4,559,8259
Tyler Collins,Tigers,82,343,313,74,11,2,10,35,37,24,83,2,4,2,0.235,0.293,0.376,0.67,0.291,-1.8,0.1,0.2,833.5,12723
Mikie Mahtook,Tigers,85,357,329,80,17,3,7,38,36,19,93,5,6,3,0.244,0.294,0.379,0.673,0.291,-1.2,0,0.3,732.8,13130
Brett Eibner,Dodgers,5,21,19,4,1,0,1,2,2,2,5,0,0,0,0.225,0.291,0.381,0.672,0.291,-0.1,0,0,758.8,11369
Jarrod Dyson,Mariners,113,476,427,109,16,6,4,57,35,34,77,5,42,11,0.254,0.315,0.347,0.662,0.291,9.7,4.8,1.7,274.1,4866
Bruce Maxwell III,Athletics,23,96,87,21,4,0,2,9,9,7,20,0,0,0,0.245,0.304,0.359,0.663,0.291,-0.1,-0.1,0.3,420.1,13866
Carlos Ruiz,Mariners,49,205,181,44,9,0,2,19,17,19,32,3,2,1,0.241,0.321,0.331,0.653,0.291,0,-0.5,0.6,636.7,2579
Brian Goodwin,Nationals,8,35,32,7,1,0,1,4,4,3,9,0,1,0,0.237,0.301,0.365,0.666,0.291,-0.2,0,0,999,12858
Jarrod Saltalamacchia,Blue Jays,38,160,139,28,6,0,6,17,19,18,58,1,0,0,0.2,0.294,0.375,0.668,0.291,-1.7,0,0.3,670.5,5557
Oscar Hernandez,Diamondbacks,8,32,30,7,2,0,1,3,3,2,7,0,0,0,0.234,0.284,0.388,0.672,0.291,-0.2,0,0,766.1,13490
Chris Herrmann,Diamondbacks,69,288,259,60,12,3,6,28,30,22,73,2,3,2,0.233,0.298,0.373,0.67,0.29,-0.6,0.2,0.5,338.5,9284
Teoscar Hernandez,Astros,58,245,223,53,11,1,6,28,25,17,62,2,10,5,0.237,0.293,0.378,0.67,0.29,0.4,-0.2,0.1,752.3,13066
Tucker Barnhart,Reds,53,224,200,50,10,1,3,19,21,19,38,1,1,0,0.25,0.317,0.354,0.671,0.29,1.6,-0.5,0.6,398.1,10200
Christian Villanueva,Cubs,2,7,6,2,0,0,0,1,1,0,2,0,0,0,0.237,0.286,0.393,0.679,0.29,0,0,0,999,sa505993
Nolan Reimold,,67,280,249,57,11,1,7,28,26,26,75,2,3,1,0.228,0.304,0.359,0.662,0.29,-0.1,-0.4,-0.2,999,3441
Alex Rios,,108,455,423,107,22,2,9,43,48,23,89,4,8,3,0.252,0.293,0.378,0.672,0.29,-1.6,-0.5,-0.4,999,2090
Boog Powell,Mariners,3,14,13,3,0,0,0,1,1,1,3,0,0,0,0.253,0.315,0.341,0.655,0.29,0.1,0,0,999,sa658509
Alen Hanson,Pirates,38,161,149,37,6,2,3,17,16,9,30,1,8,4,0.248,0.292,0.381,0.673,0.29,-0.3,0,0.2,559.7,12926
Christian Vazquez,Red Sox,61,256,232,59,13,1,3,26,24,18,51,2,2,1,0.252,0.308,0.356,0.664,0.29,1.9,-0.2,0.7,537.3,9774
Charlie Tilson,White Sox,50,210,193,49,7,3,2,23,17,14,37,1,7,4,0.256,0.308,0.354,0.662,0.29,-0.3,0,0.2,398.6,12983
Leonys Martin,Mariners,145,609,554,135,22,4,13,67,56,41,145,4,25,9,0.244,0.298,0.368,0.666,0.289,5.6,2.4,1.8,276.7,11846
Austin Hedges,Padres,107,448,418,101,20,1,14,46,54,20,87,4,2,2,0.242,0.28,0.399,0.68,0.289,3.7,-0.1,1.6,302.4,12976
Josh Rutledge,Red Sox,10,42,38,9,2,0,1,4,4,3,11,1,1,0,0.245,0.301,0.364,0.664,0.289,-0.2,0,0,882.9,11167
Willy Adames,Rays,2,7,6,1,0,0,0,1,1,1,2,0,0,0,0.231,0.303,0.356,0.659,0.289,0,0,0,999,sa736655
Melvin Upton Jr.,Blue Jays,75,315,285,64,12,2,10,35,33,25,94,1,11,4,0.225,0.287,0.383,0.671,0.289,1.6,0.7,0.2,354.2,5015
Whit Merrifield,Royals,40,168,156,41,9,1,2,18,15,9,30,1,5,2,0.26,0.301,0.365,0.667,0.289,0.8,0.3,0.3,528.5,11281
Jett Bandy,Brewers,53,224,205,47,10,0,7,21,23,10,48,6,1,1,0.231,0.283,0.385,0.668,0.289,1.7,-0.3,0.6,348.6,12508
Miguel Andujar,Yankees,2,7,7,2,0,0,0,1,1,0,1,0,0,0,0.244,0.286,0.385,0.67,0.289,0,0,0,999,sa659185
Pedro Severino,Nationals,11,45,41,11,2,0,1,4,4,2,7,0,0,0,0.259,0.303,0.358,0.661,0.289,0.1,-0.1,0.1,870.2,14523
Rymer Liriano,White Sox,100,420,376,85,17,2,10,47,41,36,128,5,11,6,0.227,0.3,0.36,0.66,0.289,2.9,-0.3,0.1,674.4,4779
Danny Santana,Twins,38,161,151,39,7,2,2,18,14,6,35,1,7,3,0.261,0.295,0.374,0.669,0.289,-1,0.2,0,777.2,10322
Arismendy Alcantara,Reds,55,230,212,49,9,3,7,25,25,14,66,1,9,4,0.231,0.278,0.395,0.673,0.289,-0.4,0.8,0.1,827.2,10711
Ichiro Suzuki,Marlins,60,253,230,60,8,3,1,26,18,18,33,1,6,2,0.263,0.317,0.339,0.656,0.289,0.3,-0.1,0,748.5,1101
Jose Lobaton,Nationals,43,179,159,37,7,1,3,16,17,16,41,1,1,0,0.233,0.306,0.353,0.659,0.288,-0.2,-0.4,0.3,700.1,4243
Matt Szczur,Cubs,39,162,148,37,6,1,3,17,16,10,31,1,5,2,0.249,0.302,0.36,0.661,0.288,0.2,0.1,0,906.9,11255
Orlando Arcia,Brewers,142,595,552,135,27,5,12,60,60,34,114,3,18,8,0.245,0.291,0.377,0.668,0.288,1.9,0.4,0.8,284,13185
Nick Hundley,Giants,33,139,128,31,6,1,3,12,14,9,32,1,1,1,0.242,0.292,0.378,0.67,0.288,-1.1,-0.4,0.2,429.9,3376
Breyvic Valera,Cardinals,2,7,6,2,0,0,0,1,1,0,1,0,0,0,0.269,0.318,0.334,0.652,0.288,0,0,0,999,sa546472
J.J. Hardy,Orioles,133,560,520,130,26,0,13,55,59,30,98,2,1,0,0.25,0.291,0.375,0.666,0.288,4.6,-1.2,1.2,471.1,3797
Alexi Amarista,Rockies,34,144,132,34,5,1,2,14,15,9,21,1,4,1,0.261,0.308,0.358,0.666,0.288,-0.4,0.3,-0.2,821.8,9063
Alberto Callaspo,,83,350,310,74,13,1,5,32,31,33,48,2,3,2,0.239,0.314,0.334,0.648,0.287,-2.9,-1.6,-0.2,999,3336
Franklin Barreto,Athletics,2,7,7,2,0,0,0,1,1,0,1,0,0,0,0.249,0.292,0.371,0.663,0.287,0,0,0,999,sa739765
Dawel Lugo,Diamondbacks,2,7,7,2,0,0,0,1,1,0,1,0,0,0,0.259,0.282,0.387,0.669,0.287,0,0,0,999,sa659207
Daniel Robertson,Rays,20,84,75,18,3,0,1,8,7,7,17,2,0,0,0.238,0.312,0.333,0.645,0.287,0,0,0.1,999,sa657854
Tomas Telis,Marlins,15,64,60,16,3,0,1,6,6,3,8,0,1,0,0.264,0.303,0.36,0.663,0.287,0,0,0.1,999,10067
Ryan Flaherty,Orioles,83,350,313,70,13,1,10,37,37,28,88,4,2,1,0.223,0.294,0.367,0.661,0.287,-0.4,0.3,0.3,999,7888
Aneury Tavarez,Orioles,25,105,98,24,4,1,2,11,10,5,26,1,3,2,0.245,0.286,0.38,0.665,0.287,0.4,-0.1,0,999,sa598684
Michael Taylor,Nationals,35,149,136,31,6,1,4,15,15,11,47,1,6,2,0.232,0.292,0.372,0.664,0.287,0.7,0.3,0,586.4,11489
Billy Burns,Royals,17,70,64,17,3,1,0,8,5,4,11,1,4,1,0.263,0.31,0.345,0.654,0.286,-0.1,0.4,0,567.4,12701
Ryan Cordell,Brewers,2,7,6,2,0,0,0,1,1,0,2,0,0,0,0.235,0.28,0.386,0.666,0.286,0,0,0,999,sa737938
Austin Romine,Yankees,30,128,119,29,6,0,3,14,15,6,24,1,1,0,0.246,0.287,0.379,0.666,0.286,-0.8,0,0.2,767.7,5491
Travis Jankowski,Padres,150,630,563,138,22,5,5,70,39,55,137,3,39,16,0.246,0.315,0.327,0.642,0.286,9.3,2,0.9,285.4,13768
Kevin Plawecki,Mets,15,64,58,14,3,0,1,6,6,4,11,1,0,0,0.243,0.3,0.358,0.658,0.286,0.1,0,0.2,927.7,13807
Juan Lagares,Mets,45,190,176,45,8,2,3,19,17,9,37,2,3,2,0.254,0.296,0.367,0.663,0.286,2.6,0.1,0.4,864.1,5384
Joey Wendle,Athletics,8,35,33,8,2,0,1,4,4,1,7,0,1,0,0.247,0.286,0.379,0.665,0.286,0.1,0,0.1,633.8,13853
Tim Beckham,Rays,87,364,334,78,15,5,8,37,35,22,107,3,5,4,0.234,0.285,0.376,0.661,0.286,-0.5,-0.8,0.1,678,7949
Dan Uggla,,17,70,61,13,2,0,2,7,7,7,19,1,1,1,0.208,0.298,0.348,0.645,0.286,-1.3,-0.1,-0.1,999,3442
Wilmer Difo,Nationals,24,99,92,24,4,1,1,10,10,5,18,1,4,1,0.256,0.296,0.362,0.659,0.286,0.2,0.3,0.1,663,14320
Mallex Smith,Rays,65,273,245,60,9,3,3,31,23,21,61,2,21,8,0.243,0.307,0.34,0.647,0.286,1.7,0.8,0.3,341.8,13608
Dixon Machado,Tigers,18,77,69,17,3,0,1,8,6,6,12,1,2,1,0.247,0.308,0.336,0.644,0.285,0.7,0,0.1,999,11472
Roman Quinn,Phillies,36,150,136,32,5,1,2,17,13,11,38,1,9,4,0.239,0.3,0.349,0.648,0.285,-0.1,0.3,0,373,13546
Giovanny Urshela,Indians,42,175,165,42,8,1,4,18,18,7,27,1,0,0,0.253,0.285,0.376,0.661,0.285,1.3,-0.2,0.1,913.1,10681
Ronald Guzman,Rangers,7,28,26,6,1,0,1,3,3,2,6,0,0,0,0.242,0.286,0.375,0.66,0.285,0,0,-0.1,999,sa659670
Curt Casali,Rays,8,32,28,6,1,0,1,3,3,3,9,0,0,0,0.209,0.296,0.347,0.644,0.285,-0.1,0,0.1,632.2,12510
Tony Wolters,Rockies,91,384,345,84,16,2,5,35,35,30,90,3,4,3,0.242,0.306,0.344,0.649,0.285,2.4,-0.1,0.2,431.9,11470
Tyler Goeddel,Phillies,31,130,118,28,4,1,3,13,13,9,30,1,3,2,0.233,0.291,0.362,0.654,0.285,-0.2,0.1,-0.1,924.9,13180
Socrates Brito,Diamondbacks,64,269,256,64,10,4,6,27,27,10,57,1,7,3,0.251,0.279,0.385,0.665,0.285,1.9,0.1,-0.2,635.2,12944
Billy Hamilton,Reds,125,525,477,119,19,4,6,65,35,37,101,2,56,14,0.249,0.304,0.343,0.647,0.285,9.6,7.3,1.8,85.1,10199
Freddy Galvis,Phillies,54,225,209,51,9,2,6,22,24,11,45,1,4,2,0.244,0.282,0.383,0.666,0.284,0.8,0.2,0.3,335.6,6609
Kevan Smith,White Sox,8,32,29,7,1,0,1,3,3,2,7,0,0,0,0.232,0.292,0.359,0.651,0.284,0,0,0.1,919.1,12284
Ildemaro Vargas,Diamondbacks,2,7,6,2,0,0,0,1,1,0,1,0,0,0,0.26,0.3,0.351,0.651,0.284,0,0,0,999,sa504705
Chad Pinder,Athletics,10,42,39,9,2,0,1,4,4,2,10,1,0,0,0.241,0.281,0.376,0.657,0.284,-0.2,0,0,811.4,15191
Hunter Dozier,Royals,13,56,51,12,3,0,1,6,6,4,15,0,1,0,0.229,0.287,0.366,0.653,0.283,-0.1,0,-0.1,579.2,15117
Michael Reed,Brewers,8,35,30,6,1,0,1,3,3,4,10,0,1,1,0.213,0.308,0.327,0.634,0.283,0,0,-0.1,999,13228
Kelby Tomlinson,Giants,29,120,108,28,4,1,1,11,9,9,22,1,4,2,0.254,0.315,0.323,0.638,0.283,-0.1,0.2,0.1,906,13005
Jesmuel Valentin,Phillies,3,13,12,3,1,0,0,1,1,1,2,0,0,0,0.243,0.295,0.354,0.649,0.283,0,0,0,999,sa657867
Andrew Knapp,Phillies,8,32,29,7,1,0,1,3,3,2,9,0,0,0,0.229,0.29,0.358,0.649,0.283,-0.1,0,0,999,sa550140
Mitch Garver,Twins,3,13,12,3,1,0,0,1,1,1,3,0,0,0,0.232,0.298,0.346,0.644,0.283,0,0,0,999,sa578988
Francisco Pena,Orioles,8,32,30,7,1,0,1,3,4,1,6,0,0,0,0.237,0.276,0.381,0.657,0.283,0.2,0,0.1,999,8298
Elias Diaz,Pirates,15,64,59,15,3,0,1,6,6,4,11,0,0,0,0.248,0.296,0.351,0.647,0.283,0,-0.1,0.1,900.8,11680
James McCann,Tigers,99,416,385,93,17,2,9,39,45,21,102,4,2,1,0.241,0.286,0.365,0.651,0.283,5.8,-1,1.4,327.4,12859
Zack Granite,Twins,12,49,45,12,2,0,0,5,4,3,6,0,3,1,0.259,0.305,0.337,0.642,0.282,0.1,0,0,999,sa738899
Chris Stewart,Pirates,46,192,171,43,7,0,2,16,15,15,30,3,1,0,0.25,0.318,0.319,0.636,0.282,-0.7,-0.3,0.3,928.3,3878
Jorge Bonifacio,Royals,2,7,6,1,0,0,0,1,1,0,2,0,0,0,0.23,0.287,0.361,0.648,0.282,0,0,0,999,sa547943
Alcides Escobar,Royals,153,644,601,159,26,5,6,66,52,25,85,5,17,5,0.264,0.297,0.354,0.651,0.282,0.3,1.9,0.9,334.4,6310
Richard Urena,Blue Jays,3,14,13,3,1,0,0,1,2,0,3,0,0,0,0.247,0.276,0.385,0.66,0.282,-0.1,0,0,999,sa736829
Rafael Ynoa,Rockies,12,50,46,12,2,0,0,4,4,3,9,0,1,0,0.256,0.303,0.343,0.645,0.282,-0.1,-0.1,-0.1,999,2832
Peter Bourjos,White Sox,33,140,127,30,5,2,3,15,12,8,37,2,3,2,0.233,0.29,0.362,0.652,0.282,0.3,0,0.1,869.8,2578
Ben Revere,Angels,57,238,223,61,7,2,1,27,16,10,24,2,11,3,0.271,0.305,0.337,0.642,0.282,-0.7,1.1,0,353.5,4712
John Ryan Murphy,Twins,20,83,76,18,4,0,2,8,8,5,18,0,0,0,0.239,0.287,0.361,0.648,0.282,-0.2,0,0.1,699.9,10346
Jaycob Brugman,Athletics,5,21,19,5,1,0,0,2,2,1,5,0,0,0,0.236,0.292,0.355,0.647,0.282,-0.1,0,0,999,sa550136
Erick Aybar,Padres,83,350,322,83,16,2,3,33,29,19,43,3,6,3,0.257,0.303,0.346,0.649,0.282,-2.7,-0.2,0.1,724.2,4082
Christian Bethancourt,Padres,77,325,306,76,15,0,8,32,36,14,70,1,4,3,0.247,0.279,0.377,0.656,0.281,0.7,-0.4,0.3,747.5,10028
Ramon Cabrera,,38,160,148,38,7,0,2,14,15,9,23,1,1,1,0.257,0.3,0.342,0.643,0.281,-0.6,-0.2,0.2,999,10327
John Hicks,Tigers,3,13,12,3,1,0,0,1,1,1,3,0,0,0,0.242,0.283,0.366,0.649,0.281,0.1,0,0,849,12547
Chris Gimenez,Twins,30,128,115,26,5,0,3,13,11,10,32,1,1,1,0.226,0.292,0.348,0.639,0.281,-0.7,-0.3,0.1,952.1,7324
Carson Kelly,Cardinals,1,6,6,1,0,0,0,1,1,0,1,0,0,0,0.243,0.29,0.354,0.644,0.281,0,0,0,714.3,13620
Micah Johnson,Braves,10,43,39,10,2,0,1,4,3,3,10,0,2,1,0.247,0.296,0.343,0.639,0.28,-0.1,0,0,892.1,13809
Destin Hood,Marlins,32,135,126,30,7,1,3,13,14,7,36,1,2,1,0.236,0.279,0.37,0.649,0.28,0.2,-0.1,-0.1,999,9887
Darwin Barney,Blue Jays,63,266,244,60,11,1,4,27,23,16,40,2,3,2,0.246,0.296,0.347,0.642,0.28,2.4,0.1,0.4,722.9,2430
Mason Williams,Yankees,5,21,19,5,1,0,0,2,2,1,4,0,0,0,0.245,0.293,0.35,0.643,0.28,0.1,0,0,989.1,11859
Matt Davidson,White Sox,100,420,375,78,15,0,14,46,43,35,141,5,1,1,0.207,0.281,0.361,0.642,0.279,-0.2,0,-1,794.3,7226
JaCoby Jones,Tigers,28,119,109,25,4,1,3,12,12,7,38,1,3,2,0.227,0.28,0.364,0.644,0.279,0,-0.1,0,999,14818
Nate McLouth,,58,245,217,47,10,1,5,23,23,21,59,3,4,2,0.216,0.294,0.339,0.633,0.279,-1,0.2,-0.4,999,3190
Rafael Bautista,Nationals,2,7,6,2,0,0,0,1,1,0,1,0,0,0,0.258,0.303,0.33,0.632,0.279,0,0,0,999,sa657400
Erik Gonzalez,Indians,15,63,59,15,3,0,1,6,6,2,14,0,2,1,0.249,0.28,0.367,0.647,0.279,0.1,-0.1,0,967.2,13369
Mel Rojas Jr.,Braves,4,16,15,3,1,0,0,2,1,1,4,0,0,0,0.227,0.287,0.354,0.641,0.278,0,0,0,999,sa548194
Adeiny Hechavarria,Marlins,143,602,559,144,22,7,5,54,50,33,86,2,5,3,0.258,0.299,0.347,0.647,0.278,2.2,-0.6,0.5,559,10459
Hanser Alberto,Rangers,20,84,80,21,4,0,1,8,8,2,11,1,1,1,0.259,0.281,0.364,0.645,0.278,0.7,-0.1,0.1,965.1,11902
Jake Marisnick,Astros,60,252,232,54,11,1,6,28,24,12,68,3,11,5,0.231,0.277,0.367,0.644,0.278,2.7,0.6,0.4,756.6,11339
Colin Moran,Astros,8,35,32,7,1,0,1,3,3,2,9,0,0,0,0.234,0.29,0.346,0.636,0.278,0.1,0,0,949.6,16909
D.J. Peterson,Mariners,10,42,39,9,2,0,1,4,5,2,12,0,0,0,0.221,0.268,0.376,0.644,0.278,0,0,-0.1,999,sa549926
Leury Garcia,White Sox,53,224,207,52,7,2,3,23,19,12,52,2,10,5,0.25,0.294,0.347,0.641,0.278,0.2,0.2,0.1,934.2,5913
Alexei Ramirez,,100,420,396,100,20,1,6,39,41,17,52,3,10,5,0.251,0.286,0.358,0.643,0.278,-6.1,-0.7,-0.4,722.3,5133
Nick Ahmed,Diamondbacks,117,490,450,108,20,3,8,44,42,29,85,3,8,4,0.24,0.289,0.352,0.641,0.277,6.3,0.3,0.6,811.9,12147
Carlos Sanchez,White Sox,30,126,117,28,5,1,2,12,12,6,27,1,2,1,0.24,0.283,0.354,0.637,0.277,0.9,-0.1,0.1,919.9,11602
Omar Narvaez,White Sox,76,320,291,72,11,0,3,31,25,24,45,1,1,1,0.247,0.305,0.318,0.623,0.276,-1.4,-0.2,0.3,657.3,13338
Jorge Alfaro,Phillies,49,205,191,44,9,1,6,21,22,8,61,3,2,1,0.228,0.27,0.37,0.641,0.276,-0.6,-0.2,0.2,408.4,12180
Caleb Joseph,Orioles,46,192,176,40,7,0,5,19,19,11,43,1,1,1,0.228,0.278,0.358,0.636,0.276,1.8,-0.3,0.4,825.6,7087
Shawn O'Malley,Mariners,38,161,145,34,5,1,2,16,13,12,33,2,5,2,0.237,0.298,0.324,0.622,0.276,-0.4,0.2,0,878.5,9629
Juan Graterol,Blue Jays,8,32,30,8,1,0,0,3,3,1,5,0,0,0,0.254,0.283,0.35,0.634,0.275,0,0,0,999,5398
Miguel Rojas,Marlins,49,206,189,47,9,1,2,20,17,11,27,2,2,2,0.251,0.296,0.336,0.632,0.275,0.5,-0.3,0,884.1,7802
Sam Fuld,,125,525,466,103,20,5,7,52,44,48,93,3,16,5,0.221,0.296,0.326,0.622,0.275,1.6,0.9,0.1,999,8254
Danny Espinosa,Angels,138,581,515,107,20,1,17,59,58,44,183,14,8,3,0.208,0.286,0.352,0.638,0.275,3.8,1,0.8,386.7,9219
Michael Bourn,,83,350,318,76,11,3,3,34,26,25,83,1,10,5,0.24,0.296,0.326,0.622,0.274,-1.5,0.5,-0.2,767.5,6387
Martin Maldonado,Angels,91,384,334,71,12,0,9,35,39,39,96,6,1,1,0.212,0.303,0.332,0.634,0.274,2.3,-0.3,1,577.6,6887
Willy Garcia,White Sox,5,21,20,4,1,0,1,2,2,1,7,0,0,0,0.222,0.266,0.373,0.639,0.274,0.1,-0.1,0,999,sa547734
Harold Ramirez,,3,14,13,3,1,0,0,1,1,1,4,0,0,0,0.22,0.284,0.342,0.627,0.274,0,0,0,999,sa550711
Nick Williams,,8,35,31,7,1,0,1,3,3,3,9,0,0,0,0.22,0.284,0.342,0.627,0.274,0,0,-0.1,999,sa829392
Francisco Mejia,,3,13,11,3,0,0,0,1,1,1,3,0,0,0,0.22,0.284,0.342,0.627,0.274,0,0,0,999,sa455980
Anthony Alford,Blue Jays,3,14,13,3,1,0,0,1,1,1,5,0,0,0,0.213,0.286,0.335,0.62,0.274,0,0,0,999,sa657953
Eric Fryer,Cardinals,37,154,137,32,6,1,1,15,13,13,34,1,2,1,0.232,0.302,0.311,0.613,0.274,0.3,-0.2,0.2,906,8145
Allen Cordoba,Padres,10,43,40,10,2,0,0,4,4,2,6,0,2,1,0.245,0.29,0.335,0.625,0.274,0,0.1,0,915.2,sa737201
Ryan Hanigan,Phillies,5,19,17,4,1,0,0,2,2,2,4,0,0,0,0.217,0.301,0.309,0.61,0.273,0.1,0,0,999,4952
Cam Gallagher,Royals,3,13,12,3,1,0,0,1,1,1,2,0,0,0,0.23,0.29,0.33,0.62,0.273,0.1,0,0,999,sa597771
Ryan LaMarre,Angels,7,28,26,6,1,0,1,3,2,2,8,0,1,0,0.226,0.281,0.343,0.623,0.273,0.1,0,0,950.1,10700
Jack Reinheimer,Diamondbacks,2,7,6,2,0,0,0,1,1,0,1,0,0,0,0.242,0.293,0.325,0.618,0.272,0,0,0,999,sa549854
Carlos Perez,Angels,61,256,236,55,13,0,4,25,28,14,45,1,2,1,0.233,0.278,0.346,0.625,0.272,1.6,-0.2,0.6,999,10642
Raul Mondesi,Royals,75,315,293,68,10,5,6,33,30,15,84,2,17,7,0.231,0.271,0.36,0.631,0.272,0.3,0.9,0,398,13769
Chase d'Arnaud,Braves,65,272,250,59,11,3,3,25,22,15,52,3,10,5,0.236,0.287,0.333,0.62,0.272,-0.7,0.4,-0.3,944,6652
Rene Rivera,Mets,43,179,163,37,7,0,4,14,19,11,44,2,0,0,0.224,0.279,0.346,0.625,0.27,1.3,-0.4,0.3,780.7,3648
Drew Butera,Royals,27,115,105,23,5,1,2,11,10,7,28,1,1,0,0.224,0.279,0.339,0.618,0.27,-0.6,-0.2,0,876.5,3411
Tuffy Gosewisch,Mariners,5,19,18,4,1,0,0,2,2,1,4,0,0,0,0.227,0.272,0.351,0.623,0.27,0.1,0,0,999,5277
Emilio Bonifacio,Braves,23,98,90,22,3,1,1,10,8,6,21,0,5,2,0.247,0.296,0.315,0.611,0.27,-0.8,0.2,-0.2,943,4054
Trevor Brown,Giants,8,32,30,7,1,0,0,3,3,2,6,0,0,0,0.236,0.283,0.33,0.613,0.269,-0.1,0,0,795.9,13895
J.T. Riddle,Marlins,3,14,13,3,1,0,0,1,1,1,2,0,0,0,0.248,0.285,0.332,0.617,0.269,0,0,0,999,sa550025
Austin Nola,Marlins,3,13,12,3,1,0,0,1,1,1,2,0,0,0,0.233,0.294,0.313,0.607,0.269,0.1,0,0,999,sa577789
Amed Rosario,Mets,2,7,7,2,0,0,0,1,1,0,2,0,0,0,0.237,0.282,0.335,0.617,0.268,0,0,0,999,sa732115
Andrew Romine,Tigers,78,329,299,71,9,2,3,33,26,21,69,4,11,4,0.237,0.294,0.31,0.604,0.268,2.1,0.7,0,797.3,1159
Tomas Nido,Mets,3,13,12,3,1,0,0,1,1,0,3,0,0,0,0.233,0.265,0.356,0.621,0.268,0.1,0,0,999,sa658115
Adam Engel,White Sox,23,98,89,19,3,1,1,10,8,7,28,1,6,2,0.216,0.281,0.322,0.604,0.267,0.6,0.1,0,999,sa709002
Adam Moore,Indians,5,19,18,4,1,0,0,2,2,1,5,0,0,0,0.226,0.275,0.337,0.613,0.267,0,0,0,999,9362
Ramon Torres,Royals,3,14,13,3,1,0,0,1,1,1,2,0,0,0,0.249,0.284,0.325,0.609,0.267,0,0,0,999,sa547940
Jose Rondon,Padres,27,112,105,26,5,1,1,10,9,4,19,1,2,2,0.245,0.277,0.339,0.616,0.267,0.2,-0.1,0,999,14140
Ryan Goins,Blue Jays,25,105,96,22,5,1,1,10,9,6,23,0,1,1,0.232,0.278,0.333,0.61,0.267,0.3,-0.1,0,914.2,9807
Kyle Farmer,Dodgers,3,13,12,3,1,0,0,1,1,1,2,0,0,0,0.231,0.275,0.339,0.614,0.267,0,0,0,999,sa620958
Cliff Pennington,Angels,37,154,137,30,5,1,2,14,11,13,35,1,2,0,0.221,0.293,0.306,0.599,0.267,0.4,0.1,0.1,999,3395
Edmundo Sosa,Cardinals,2,7,7,2,0,0,0,1,1,0,1,0,0,0,0.241,0.277,0.333,0.61,0.267,0,0,0,999,sa736859
Jacob Hannemann,Cubs,3,14,13,3,1,0,0,1,1,1,4,0,1,0,0.221,0.27,0.341,0.611,0.267,0,0,0,999,sa550326
Max Stassi,Astros,8,32,30,6,1,0,1,3,3,2,10,0,0,0,0.211,0.26,0.351,0.611,0.265,0,0,0,869.6,10059
Jonathan Herrera,,50,210,194,46,8,1,2,17,18,11,39,2,3,2,0.238,0.282,0.322,0.604,0.265,-1.4,-0.2,-0.4,999,4182
Matt Reynolds,Mets,12,49,45,10,2,0,1,5,4,3,12,0,1,0,0.226,0.278,0.325,0.603,0.265,0.1,0,0,922.3,13788
Michael Martinez,Indians,25,105,97,23,4,1,1,10,9,6,22,0,2,1,0.238,0.281,0.326,0.607,0.265,-0.6,-0.3,-0.2,824.1,7358
Stuart Turner,Reds,8,32,29,6,1,0,1,3,3,2,7,0,0,0,0.217,0.279,0.319,0.598,0.264,0.1,0,0,999,sa737625
Johan Camargo,Braves,8,35,32,8,1,0,0,3,3,2,6,0,0,0,0.238,0.274,0.332,0.607,0.264,0,0,0,999,sa657234
Franchy Cordero,Padres,17,70,65,15,2,1,1,6,6,4,20,1,2,1,0.224,0.269,0.339,0.608,0.263,0.1,-0.1,-0.1,999,sa657481
Magneuris Sierra,Cardinals,2,7,7,2,0,0,0,1,1,0,2,0,0,0,0.246,0.274,0.328,0.602,0.262,0,0,0,999,sa736866
Luis Torrens,Padres,8,32,29,6,1,0,0,3,3,2,7,0,0,0,0.212,0.275,0.318,0.593,0.262,0,-0.1,0,999,sa739618
Deven Marrero,Red Sox,8,35,32,7,1,0,0,3,3,2,9,0,1,0,0.23,0.282,0.311,0.593,0.262,-0.1,0,0,999,13325
Luis Sardinas,Padres,50,210,195,48,8,1,1,18,16,10,37,1,5,2,0.245,0.285,0.314,0.599,0.261,-1.3,0.1,-0.2,707.3,13153
Luke Maile,Rays,53,224,206,45,10,1,3,22,20,14,49,2,1,1,0.22,0.272,0.323,0.595,0.261,1.3,-0.2,0.3,864.7,13355
Kaleb Cowart,Angels,7,28,26,6,1,0,0,3,3,2,7,0,1,0,0.221,0.272,0.328,0.6,0.261,0.1,0,0,918,11494
Orlando Calixte,Giants,3,14,13,3,1,0,0,1,1,1,3,0,0,0,0.227,0.271,0.329,0.599,0.261,0.1,0,0,999,11905
Craig Gentry,,67,280,252,57,8,1,2,28,19,20,59,3,11,4,0.227,0.29,0.292,0.582,0.26,2.7,1.1,-0.5,999,9571
Jacob May,White Sox,17,70,65,15,3,0,1,7,5,3,17,1,3,2,0.233,0.274,0.315,0.589,0.259,0.5,0,-0.1,999,sa550097
Jorge Mateo,Yankees,2,7,7,1,0,0,0,1,1,0,2,0,0,0,0.222,0.265,0.33,0.595,0.259,0,0,0,999,sa657910
Robert Andino,Marlins,2,7,7,1,0,0,0,1,1,0,2,0,0,0,0.225,0.265,0.325,0.59,0.258,0,0,0,999,4900
Jeff Mathis,Diamondbacks,38,160,147,31,6,1,3,13,17,9,47,1,0,0,0.209,0.26,0.332,0.592,0.257,1.2,-0.1,-0.1,939.4,3448
Alfredo Gonzalez,White Sox,8,32,29,6,1,0,0,3,2,2,7,0,0,0,0.221,0.285,0.285,0.57,0.256,0,0,0,999,sa505301
Jesus Sucre,Rays,30,128,120,29,5,0,1,11,10,5,23,1,1,1,0.239,0.271,0.308,0.579,0.254,1.3,-0.2,0.1,841.1,5942
Engelb Vielma,Twins,2,7,6,2,0,0,0,1,0,0,1,0,0,0,0.235,0.284,0.286,0.57,0.254,0,0,0,999,sa657416
Tyler Ladendorf,,25,105,97,22,4,0,1,10,8,6,23,1,1,1,0.222,0.271,0.304,0.575,0.254,0.1,-0.1,-0.2,999,3211
Nolan Fontana,Angels,3,14,12,2,1,0,0,1,1,1,4,0,0,0,0.194,0.284,0.269,0.553,0.252,0,0,0,999,sa657932
Yefri Perez,Marlins,3,14,13,3,0,0,0,1,1,1,3,0,1,0,0.228,0.275,0.282,0.557,0.248,0.1,0,0,876.1,12090
Yadiel Rivera,Brewers,29,120,113,25,4,1,1,10,9,4,30,1,2,1,0.22,0.255,0.307,0.562,0.246,0.3,-0.2,-0.4,999,11863
Bubba Starling,Royals,2,7,6,1,0,0,0,1,1,0,2,0,0,0,0.199,0.247,0.315,0.562,0.245,0,0,0,999,sa597751
Terrance Gore,Royals,5,21,19,4,0,0,0,2,1,1,5,0,2,0,0.216,0.274,0.256,0.531,0.241,-0.1,0.2,-0.1,973.1,13658
J.B. Shuck,White Sox,0,0,0,0,0,0,0,0,0,0,0,0,0,0,0,0,0,0,0,0,0,0,999,6677
